row,col,level,conductance,conductance_uS
0,0,28,0.965517,96.59
0,1,9,0.310345,31.72
0,2,27,0.931034,93.17
0,3,21,0.724138,72.69
0,4,3,0.103448,11.24
0,5,4,0.137931,14.66
0,6,4,0.137931,14.66
0,7,3,0.103448,11.24
0,8,0,0.000000,1.00
0,9,1,0.034483,4.41
0,10,22,0.758621,76.10
0,11,16,0.551724,55.62
0,12,17,0.586207,59.03
0,13,28,0.965517,96.59
0,14,27,0.931034,93.17
0,15,4,0.137931,14.66
0,16,18,0.620690,62.45
0,17,23,0.793103,79.52
0,18,0,0.000000,1.00
0,19,8,0.275862,28.31
0,20,14,0.482759,48.79
0,21,0,0.000000,1.00
0,22,19,0.655172,65.86
0,23,14,0.482759,48.79
0,24,29,1.000000,100.00
0,25,0,0.000000,1.00
0,26,19,0.655172,65.86
0,27,4,0.137931,14.66
0,28,9,0.310345,31.72
0,29,15,0.517241,52.21
0,30,20,0.689655,69.28
0,31,0,0.000000,1.00
0,32,14,0.482759,48.79
0,33,15,0.517241,52.21
0,34,13,0.448276,45.38
0,35,22,0.758621,76.10
0,36,17,0.586207,59.03
0,37,11,0.379310,38.55
0,38,5,0.172414,18.07
0,39,12,0.413793,41.97
0,40,5,0.172414,18.07
0,41,22,0.758621,76.10
0,42,9,0.310345,31.72
0,43,24,0.827586,82.93
0,44,5,0.172414,18.07
0,45,29,1.000000,100.00
0,46,26,0.896552,89.76
0,47,13,0.448276,45.38
0,48,25,0.862069,86.34
0,49,8,0.275862,28.31
0,50,1,0.034483,4.41
0,51,18,0.620690,62.45
0,52,2,0.068966,7.83
0,53,21,0.724138,72.69
0,54,7,0.241379,24.90
0,55,13,0.448276,45.38
0,56,29,1.000000,100.00
0,57,9,0.310345,31.72
0,58,21,0.724138,72.69
0,59,5,0.172414,18.07
0,60,18,0.620690,62.45
0,61,2,0.068966,7.83
0,62,9,0.310345,31.72
0,63,7,0.241379,24.90
1,0,17,0.586207,59.03
1,1,4,0.137931,14.66
1,2,10,0.344828,35.14
1,3,28,0.965517,96.59
1,4,14,0.482759,48.79
1,5,12,0.413793,41.97
1,6,7,0.241379,24.90
1,7,11,0.379310,38.55
1,8,26,0.896552,89.76
1,9,22,0.758621,76.10
1,10,25,0.862069,86.34
1,11,6,0.206897,21.48
1,12,10,0.344828,35.14
1,13,9,0.310345,31.72
1,14,9,0.310345,31.72
1,15,20,0.689655,69.28
1,16,1,0.034483,4.41
1,17,16,0.551724,55.62
1,18,25,0.862069,86.34
1,19,29,1.000000,100.00
1,20,8,0.275862,28.31
1,21,26,0.896552,89.76
1,22,12,0.413793,41.97
1,23,16,0.551724,55.62
1,24,1,0.034483,4.41
1,25,19,0.655172,65.86
1,26,24,0.827586,82.93
1,27,25,0.862069,86.34
1,28,10,0.344828,35.14
1,29,7,0.241379,24.90
1,30,16,0.551724,55.62
1,31,9,0.310345,31.72
1,32,4,0.137931,14.66
1,33,18,0.620690,62.45
1,34,7,0.241379,24.90
1,35,15,0.517241,52.21
1,36,14,0.482759,48.79
1,37,14,0.482759,48.79
1,38,9,0.310345,31.72
1,39,22,0.758621,76.10
1,40,9,0.310345,31.72
1,41,4,0.137931,14.66
1,42,3,0.103448,11.24
1,43,2,0.068966,7.83
1,44,27,0.931034,93.17
1,45,2,0.068966,7.83
1,46,28,0.965517,96.59
1,47,23,0.793103,79.52
1,48,2,0.068966,7.83
1,49,17,0.586207,59.03
1,50,10,0.344828,35.14
1,51,10,0.344828,35.14
1,52,24,0.827586,82.93
1,53,8,0.275862,28.31
1,54,18,0.620690,62.45
1,55,7,0.241379,24.90
1,56,1,0.034483,4.41
1,57,12,0.413793,41.97
1,58,2,0.068966,7.83
1,59,4,0.137931,14.66
1,60,7,0.241379,24.90
1,61,10,0.344828,35.14
1,62,6,0.206897,21.48
1,63,20,0.689655,69.28
2,0,28,0.965517,96.59
2,1,29,1.000000,100.00
2,2,29,1.000000,100.00
2,3,12,0.413793,41.97
2,4,12,0.413793,41.97
2,5,14,0.482759,48.79
2,6,23,0.793103,79.52
2,7,9,0.310345,31.72
2,8,1,0.034483,4.41
2,9,27,0.931034,93.17
2,10,20,0.689655,69.28
2,11,4,0.137931,14.66
2,12,22,0.758621,76.10
2,13,2,0.068966,7.83
2,14,14,0.482759,48.79
2,15,10,0.344828,35.14
2,16,0,0.000000,1.00
2,17,5,0.172414,18.07
2,18,22,0.758621,76.10
2,19,19,0.655172,65.86
2,20,5,0.172414,18.07
2,21,28,0.965517,96.59
2,22,1,0.034483,4.41
2,23,10,0.344828,35.14
2,24,4,0.137931,14.66
2,25,12,0.413793,41.97
2,26,21,0.724138,72.69
2,27,12,0.413793,41.97
2,28,17,0.586207,59.03
2,29,1,0.034483,4.41
2,30,20,0.689655,69.28
2,31,1,0.034483,4.41
2,32,7,0.241379,24.90
2,33,19,0.655172,65.86
2,34,4,0.137931,14.66
2,35,22,0.758621,76.10
2,36,1,0.034483,4.41
2,37,7,0.241379,24.90
2,38,0,0.000000,1.00
2,39,1,0.034483,4.41
2,40,3,0.103448,11.24
2,41,23,0.793103,79.52
2,42,12,0.413793,41.97
2,43,26,0.896552,89.76
2,44,2,0.068966,7.83
2,45,1,0.034483,4.41
2,46,24,0.827586,82.93
2,47,11,0.379310,38.55
2,48,14,0.482759,48.79
2,49,7,0.241379,24.90
2,50,4,0.137931,14.66
2,51,26,0.896552,89.76
2,52,22,0.758621,76.10
2,53,5,0.172414,18.07
2,54,9,0.310345,31.72
2,55,11,0.379310,38.55
2,56,27,0.931034,93.17
2,57,10,0.344828,35.14
2,58,23,0.793103,79.52
2,59,1,0.034483,4.41
2,60,2,0.068966,7.83
2,61,25,0.862069,86.34
2,62,2,0.068966,7.83
2,63,20,0.689655,69.28
3,0,23,0.793103,79.52
3,1,11,0.379310,38.55
3,2,29,1.000000,100.00
3,3,3,0.103448,11.24
3,4,3,0.103448,11.24
3,5,11,0.379310,38.55
3,6,23,0.793103,79.52
3,7,26,0.896552,89.76
3,8,16,0.551724,55.62
3,9,22,0.758621,76.10
3,10,17,0.586207,59.03
3,11,27,0.931034,93.17
3,12,14,0.482759,48.79
3,13,19,0.655172,65.86
3,14,24,0.827586,82.93
3,15,26,0.896552,89.76
3,16,29,1.000000,100.00
3,17,4,0.137931,14.66
3,18,26,0.896552,89.76
3,19,24,0.827586,82.93
3,20,22,0.758621,76.10
3,21,9,0.310345,31.72
3,22,29,1.000000,100.00
3,23,20,0.689655,69.28
3,24,2,0.068966,7.83
3,25,5,0.172414,18.07
3,26,11,0.379310,38.55
3,27,24,0.827586,82.93
3,28,5,0.172414,18.07
3,29,4,0.137931,14.66
3,30,6,0.206897,21.48
3,31,14,0.482759,48.79
3,32,6,0.206897,21.48
3,33,4,0.137931,14.66
3,34,20,0.689655,69.28
3,35,5,0.172414,18.07
3,36,7,0.241379,24.90
3,37,8,0.275862,28.31
3,38,17,0.586207,59.03
3,39,17,0.586207,59.03
3,40,25,0.862069,86.34
3,41,9,0.310345,31.72
3,42,14,0.482759,48.79
3,43,22,0.758621,76.10
3,44,5,0.172414,18.07
3,45,7,0.241379,24.90
3,46,27,0.931034,93.17
3,47,25,0.862069,86.34
3,48,17,0.586207,59.03
3,49,18,0.620690,62.45
3,50,19,0.655172,65.86
3,51,21,0.724138,72.69
3,52,19,0.655172,65.86
3,53,8,0.275862,28.31
3,54,10,0.344828,35.14
3,55,21,0.724138,72.69
3,56,20,0.689655,69.28
3,57,18,0.620690,62.45
3,58,1,0.034483,4.41
3,59,26,0.896552,89.76
3,60,7,0.241379,24.90
3,61,6,0.206897,21.48
3,62,0,0.000000,1.00
3,63,26,0.896552,89.76
4,0,0,0.000000,1.00
4,1,24,0.827586,82.93
4,2,7,0.241379,24.90
4,3,10,0.344828,35.14
4,4,14,0.482759,48.79
4,5,0,0.000000,1.00
4,6,29,1.000000,100.00
4,7,5,0.172414,18.07
4,8,3,0.103448,11.24
4,9,8,0.275862,28.31
4,10,21,0.724138,72.69
4,11,5,0.172414,18.07
4,12,10,0.344828,35.14
4,13,4,0.137931,14.66
4,14,25,0.862069,86.34
4,15,2,0.068966,7.83
4,16,29,1.000000,100.00
4,17,14,0.482759,48.79
4,18,5,0.172414,18.07
4,19,6,0.206897,21.48
4,20,2,0.068966,7.83
4,21,12,0.413793,41.97
4,22,15,0.517241,52.21
4,23,12,0.413793,41.97
4,24,7,0.241379,24.90
4,25,0,0.000000,1.00
4,26,18,0.620690,62.45
4,27,13,0.448276,45.38
4,28,6,0.206897,21.48
4,29,14,0.482759,48.79
4,30,21,0.724138,72.69
4,31,20,0.689655,69.28
4,32,10,0.344828,35.14
4,33,24,0.827586,82.93
4,34,27,0.931034,93.17
4,35,6,0.206897,21.48
4,36,14,0.482759,48.79
4,37,6,0.206897,21.48
4,38,26,0.896552,89.76
4,39,5,0.172414,18.07
4,40,17,0.586207,59.03
4,41,15,0.517241,52.21
4,42,12,0.413793,41.97
4,43,28,0.965517,96.59
4,44,13,0.448276,45.38
4,45,4,0.137931,14.66
4,46,24,0.827586,82.93
4,47,22,0.758621,76.10
4,48,23,0.793103,79.52
4,49,21,0.724138,72.69
4,50,11,0.379310,38.55
4,51,27,0.931034,93.17
4,52,15,0.517241,52.21
4,53,2,0.068966,7.83
4,54,19,0.655172,65.86
4,55,9,0.310345,31.72
4,56,5,0.172414,18.07
4,57,20,0.689655,69.28
4,58,3,0.103448,11.24
4,59,3,0.103448,11.24
4,60,23,0.793103,79.52
4,61,14,0.482759,48.79
4,62,25,0.862069,86.34
4,63,0,0.000000,1.00
5,0,15,0.517241,52.21
5,1,14,0.482759,48.79
5,2,28,0.965517,96.59
5,3,27,0.931034,93.17
5,4,0,0.000000,1.00
5,5,27,0.931034,93.17
5,6,7,0.241379,24.90
5,7,1,0.034483,4.41
5,8,9,0.310345,31.72
5,9,11,0.379310,38.55
5,10,20,0.689655,69.28
5,11,8,0.275862,28.31
5,12,11,0.379310,38.55
5,13,19,0.655172,65.86
5,14,24,0.827586,82.93
5,15,17,0.586207,59.03
5,16,2,0.068966,7.83
5,17,4,0.137931,14.66
5,18,21,0.724138,72.69
5,19,12,0.413793,41.97
5,20,22,0.758621,76.10
5,21,15,0.517241,52.21
5,22,28,0.965517,96.59
5,23,27,0.931034,93.17
5,24,26,0.896552,89.76
5,25,22,0.758621,76.10
5,26,27,0.931034,93.17
5,27,14,0.482759,48.79
5,28,22,0.758621,76.10
5,29,18,0.620690,62.45
5,30,2,0.068966,7.83
5,31,19,0.655172,65.86
5,32,8,0.275862,28.31
5,33,24,0.827586,82.93
5,34,7,0.241379,24.90
5,35,22,0.758621,76.10
5,36,28,0.965517,96.59
5,37,21,0.724138,72.69
5,38,25,0.862069,86.34
5,39,17,0.586207,59.03
5,40,22,0.758621,76.10
5,41,14,0.482759,48.79
5,42,7,0.241379,24.90
5,43,18,0.620690,62.45
5,44,4,0.137931,14.66
5,45,14,0.482759,48.79
5,46,22,0.758621,76.10
5,47,9,0.310345,31.72
5,48,19,0.655172,65.86
5,49,24,0.827586,82.93
5,50,27,0.931034,93.17
5,51,16,0.551724,55.62
5,52,13,0.448276,45.38
5,53,26,0.896552,89.76
5,54,19,0.655172,65.86
5,55,2,0.068966,7.83
5,56,10,0.344828,35.14
5,57,7,0.241379,24.90
5,58,9,0.310345,31.72
5,59,15,0.517241,52.21
5,60,22,0.758621,76.10
5,61,24,0.827586,82.93
5,62,22,0.758621,76.10
5,63,0,0.000000,1.00
6,0,5,0.172414,18.07
6,1,19,0.655172,65.86
6,2,18,0.620690,62.45
6,3,21,0.724138,72.69
6,4,4,0.137931,14.66
6,5,1,0.034483,4.41
6,6,24,0.827586,82.93
6,7,26,0.896552,89.76
6,8,2,0.068966,7.83
6,9,8,0.275862,28.31
6,10,19,0.655172,65.86
6,11,16,0.551724,55.62
6,12,16,0.551724,55.62
6,13,27,0.931034,93.17
6,14,17,0.586207,59.03
6,15,10,0.344828,35.14
6,16,18,0.620690,62.45
6,17,9,0.310345,31.72
6,18,1,0.034483,4.41
6,19,26,0.896552,89.76
6,20,27,0.931034,93.17
6,21,18,0.620690,62.45
6,22,17,0.586207,59.03
6,23,23,0.793103,79.52
6,24,2,0.068966,7.83
6,25,5,0.172414,18.07
6,26,8,0.275862,28.31
6,27,11,0.379310,38.55
6,28,21,0.724138,72.69
6,29,13,0.448276,45.38
6,30,21,0.724138,72.69
6,31,16,0.551724,55.62
6,32,6,0.206897,21.48
6,33,17,0.586207,59.03
6,34,4,0.137931,14.66
6,35,16,0.551724,55.62
6,36,12,0.413793,41.97
6,37,18,0.620690,62.45
6,38,2,0.068966,7.83
6,39,23,0.793103,79.52
6,40,7,0.241379,24.90
6,41,24,0.827586,82.93
6,42,22,0.758621,76.10
6,43,26,0.896552,89.76
6,44,20,0.689655,69.28
6,45,23,0.793103,79.52
6,46,14,0.482759,48.79
6,47,26,0.896552,89.76
6,48,15,0.517241,52.21
6,49,4,0.137931,14.66
6,50,13,0.448276,45.38
6,51,1,0.034483,4.41
6,52,25,0.862069,86.34
6,53,19,0.655172,65.86
6,54,14,0.482759,48.79
6,55,21,0.724138,72.69
6,56,21,0.724138,72.69
6,57,4,0.137931,14.66
6,58,10,0.344828,35.14
6,59,13,0.448276,45.38
6,60,20,0.689655,69.28
6,61,6,0.206897,21.48
6,62,15,0.517241,52.21
6,63,17,0.586207,59.03
7,0,17,0.586207,59.03
7,1,16,0.551724,55.62
7,2,20,0.689655,69.28
7,3,16,0.551724,55.62
7,4,4,0.137931,14.66
7,5,16,0.551724,55.62
7,6,23,0.793103,79.52
7,7,13,0.448276,45.38
7,8,27,0.931034,93.17
7,9,10,0.344828,35.14
7,10,15,0.517241,52.21
7,11,1,0.034483,4.41
7,12,7,0.241379,24.90
7,13,1,0.034483,4.41
7,14,12,0.413793,41.97
7,15,4,0.137931,14.66
7,16,9,0.310345,31.72
7,17,4,0.137931,14.66
7,18,6,0.206897,21.48
7,19,5,0.172414,18.07
7,20,21,0.724138,72.69
7,21,6,0.206897,21.48
7,22,11,0.379310,38.55
7,23,2,0.068966,7.83
7,24,11,0.379310,38.55
7,25,14,0.482759,48.79
7,26,14,0.482759,48.79
7,27,8,0.275862,28.31
7,28,29,1.000000,100.00
7,29,10,0.344828,35.14
7,30,27,0.931034,93.17
7,31,23,0.793103,79.52
7,32,29,1.000000,100.00
7,33,8,0.275862,28.31
7,34,8,0.275862,28.31
7,35,12,0.413793,41.97
7,36,19,0.655172,65.86
7,37,12,0.413793,41.97
7,38,2,0.068966,7.83
7,39,6,0.206897,21.48
7,40,8,0.275862,28.31
7,41,1,0.034483,4.41
7,42,28,0.965517,96.59
7,43,4,0.137931,14.66
7,44,4,0.137931,14.66
7,45,21,0.724138,72.69
7,46,2,0.068966,7.83
7,47,4,0.137931,14.66
7,48,8,0.275862,28.31
7,49,24,0.827586,82.93
7,50,27,0.931034,93.17
7,51,12,0.413793,41.97
7,52,13,0.448276,45.38
7,53,16,0.551724,55.62
7,54,5,0.172414,18.07
7,55,24,0.827586,82.93
7,56,1,0.034483,4.41
7,57,3,0.103448,11.24
7,58,4,0.137931,14.66
7,59,8,0.275862,28.31
7,60,25,0.862069,86.34
7,61,28,0.965517,96.59
7,62,16,0.551724,55.62
7,63,11,0.379310,38.55
8,0,2,0.068966,7.83
8,1,17,0.586207,59.03
8,2,17,0.586207,59.03
8,3,7,0.241379,24.90
8,4,3,0.103448,11.24
8,5,2,0.068966,7.83
8,6,21,0.724138,72.69
8,7,26,0.896552,89.76
8,8,15,0.517241,52.21
8,9,6,0.206897,21.48
8,10,28,0.965517,96.59
8,11,20,0.689655,69.28
8,12,26,0.896552,89.76
8,13,12,0.413793,41.97
8,14,0,0.000000,1.00
8,15,29,1.000000,100.00
8,16,7,0.241379,24.90
8,17,17,0.586207,59.03
8,18,22,0.758621,76.10
8,19,17,0.586207,59.03
8,20,0,0.000000,1.00
8,21,4,0.137931,14.66
8,22,17,0.586207,59.03
8,23,17,0.586207,59.03
8,24,23,0.793103,79.52
8,25,11,0.379310,38.55
8,26,17,0.586207,59.03
8,27,11,0.379310,38.55
8,28,10,0.344828,35.14
8,29,13,0.448276,45.38
8,30,8,0.275862,28.31
8,31,27,0.931034,93.17
8,32,5,0.172414,18.07
8,33,5,0.172414,18.07
8,34,2,0.068966,7.83
8,35,3,0.103448,11.24
8,36,20,0.689655,69.28
8,37,24,0.827586,82.93
8,38,26,0.896552,89.76
8,39,19,0.655172,65.86
8,40,6,0.206897,21.48
8,41,13,0.448276,45.38
8,42,6,0.206897,21.48
8,43,0,0.000000,1.00
8,44,18,0.620690,62.45
8,45,16,0.551724,55.62
8,46,29,1.000000,100.00
8,47,29,1.000000,100.00
8,48,26,0.896552,89.76
8,49,24,0.827586,82.93
8,50,2,0.068966,7.83
8,51,7,0.241379,24.90
8,52,6,0.206897,21.48
8,53,21,0.724138,72.69
8,54,6,0.206897,21.48
8,55,23,0.793103,79.52
8,56,1,0.034483,4.41
8,57,18,0.620690,62.45
8,58,8,0.275862,28.31
8,59,12,0.413793,41.97
8,60,26,0.896552,89.76
8,61,19,0.655172,65.86
8,62,10,0.344828,35.14
8,63,17,0.586207,59.03
9,0,3,0.103448,11.24
9,1,14,0.482759,48.79
9,2,3,0.103448,11.24
9,3,1,0.034483,4.41
9,4,28,0.965517,96.59
9,5,14,0.482759,48.79
9,6,22,0.758621,76.10
9,7,28,0.965517,96.59
9,8,7,0.241379,24.90
9,9,21,0.724138,72.69
9,10,28,0.965517,96.59
9,11,27,0.931034,93.17
9,12,14,0.482759,48.79
9,13,6,0.206897,21.48
9,14,4,0.137931,14.66
9,15,20,0.689655,69.28
9,16,28,0.965517,96.59
9,17,5,0.172414,18.07
9,18,22,0.758621,76.10
9,19,2,0.068966,7.83
9,20,5,0.172414,18.07
9,21,17,0.586207,59.03
9,22,1,0.034483,4.41
9,23,20,0.689655,69.28
9,24,0,0.000000,1.00
9,25,21,0.724138,72.69
9,26,21,0.724138,72.69
9,27,6,0.206897,21.48
9,28,16,0.551724,55.62
9,29,27,0.931034,93.17
9,30,29,1.000000,100.00
9,31,6,0.206897,21.48
9,32,26,0.896552,89.76
9,33,7,0.241379,24.90
9,34,22,0.758621,76.10
9,35,18,0.620690,62.45
9,36,8,0.275862,28.31
9,37,24,0.827586,82.93
9,38,2,0.068966,7.83
9,39,4,0.137931,14.66
9,40,25,0.862069,86.34
9,41,4,0.137931,14.66
9,42,14,0.482759,48.79
9,43,12,0.413793,41.97
9,44,0,0.000000,1.00
9,45,27,0.931034,93.17
9,46,2,0.068966,7.83
9,47,7,0.241379,24.90
9,48,18,0.620690,62.45
9,49,26,0.896552,89.76
9,50,4,0.137931,14.66
9,51,17,0.586207,59.03
9,52,4,0.137931,14.66
9,53,8,0.275862,28.31
9,54,13,0.448276,45.38
9,55,11,0.379310,38.55
9,56,10,0.344828,35.14
9,57,18,0.620690,62.45
9,58,8,0.275862,28.31
9,59,21,0.724138,72.69
9,60,0,0.000000,1.00
9,61,1,0.034483,4.41
9,62,15,0.517241,52.21
9,63,24,0.827586,82.93
10,0,9,0.310345,31.72
10,1,29,1.000000,100.00
10,2,0,0.000000,1.00
10,3,27,0.931034,93.17
10,4,23,0.793103,79.52
10,5,27,0.931034,93.17
10,6,3,0.103448,11.24
10,7,8,0.275862,28.31
10,8,13,0.448276,45.38
10,9,7,0.241379,24.90
10,10,8,0.275862,28.31
10,11,13,0.448276,45.38
10,12,25,0.862069,86.34
10,13,5,0.172414,18.07
10,14,9,0.310345,31.72
10,15,9,0.310345,31.72
10,16,28,0.965517,96.59
10,17,6,0.206897,21.48
10,18,29,1.000000,100.00
10,19,20,0.689655,69.28
10,20,11,0.379310,38.55
10,21,1,0.034483,4.41
10,22,6,0.206897,21.48
10,23,22,0.758621,76.10
10,24,1,0.034483,4.41
10,25,24,0.827586,82.93
10,26,2,0.068966,7.83
10,27,8,0.275862,28.31
10,28,8,0.275862,28.31
10,29,0,0.000000,1.00
10,30,1,0.034483,4.41
10,31,22,0.758621,76.10
10,32,9,0.310345,31.72
10,33,29,1.000000,100.00
10,34,2,0.068966,7.83
10,35,23,0.793103,79.52
10,36,19,0.655172,65.86
10,37,20,0.689655,69.28
10,38,5,0.172414,18.07
10,39,9,0.310345,31.72
10,40,22,0.758621,76.10
10,41,8,0.275862,28.31
10,42,23,0.793103,79.52
10,43,1,0.034483,4.41
10,44,24,0.827586,82.93
10,45,26,0.896552,89.76
10,46,7,0.241379,24.90
10,47,20,0.689655,69.28
10,48,18,0.620690,62.45
10,49,26,0.896552,89.76
10,50,6,0.206897,21.48
10,51,9,0.310345,31.72
10,52,12,0.413793,41.97
10,53,25,0.862069,86.34
10,54,18,0.620690,62.45
10,55,26,0.896552,89.76
10,56,1,0.034483,4.41
10,57,23,0.793103,79.52
10,58,24,0.827586,82.93
10,59,12,0.413793,41.97
10,60,29,1.000000,100.00
10,61,0,0.000000,1.00
10,62,1,0.034483,4.41
10,63,29,1.000000,100.00
11,0,9,0.310345,31.72
11,1,13,0.448276,45.38
11,2,10,0.344828,35.14
11,3,28,0.965517,96.59
11,4,24,0.827586,82.93
11,5,13,0.448276,45.38
11,6,29,1.000000,100.00
11,7,11,0.379310,38.55
11,8,25,0.862069,86.34
11,9,7,0.241379,24.90
11,10,12,0.413793,41.97
11,11,21,0.724138,72.69
11,12,8,0.275862,28.31
11,13,4,0.137931,14.66
11,14,20,0.689655,69.28
11,15,0,0.000000,1.00
11,16,9,0.310345,31.72
11,17,2,0.068966,7.83
11,18,27,0.931034,93.17
11,19,8,0.275862,28.31
11,20,19,0.655172,65.86
11,21,29,1.000000,100.00
11,22,2,0.068966,7.83
11,23,29,1.000000,100.00
11,24,4,0.137931,14.66
11,25,21,0.724138,72.69
11,26,29,1.000000,100.00
11,27,17,0.586207,59.03
11,28,24,0.827586,82.93
11,29,19,0.655172,65.86
11,30,13,0.448276,45.38
11,31,19,0.655172,65.86
11,32,27,0.931034,93.17
11,33,11,0.379310,38.55
11,34,19,0.655172,65.86
11,35,11,0.379310,38.55
11,36,11,0.379310,38.55
11,37,19,0.655172,65.86
11,38,26,0.896552,89.76
11,39,17,0.586207,59.03
11,40,16,0.551724,55.62
11,41,5,0.172414,18.07
11,42,14,0.482759,48.79
11,43,4,0.137931,14.66
11,44,27,0.931034,93.17
11,45,0,0.000000,1.00
11,46,23,0.793103,79.52
11,47,27,0.931034,93.17
11,48,14,0.482759,48.79
11,49,6,0.206897,21.48
11,50,3,0.103448,11.24
11,51,24,0.827586,82.93
11,52,28,0.965517,96.59
11,53,22,0.758621,76.10
11,54,12,0.413793,41.97
11,55,20,0.689655,69.28
11,56,21,0.724138,72.69
11,57,8,0.275862,28.31
11,58,4,0.137931,14.66
11,59,26,0.896552,89.76
11,60,13,0.448276,45.38
11,61,13,0.448276,45.38
11,62,8,0.275862,28.31
11,63,1,0.034483,4.41
12,0,7,0.241379,24.90
12,1,10,0.344828,35.14
12,2,14,0.482759,48.79
12,3,4,0.137931,14.66
12,4,22,0.758621,76.10
12,5,11,0.379310,38.55
12,6,22,0.758621,76.10
12,7,3,0.103448,11.24
12,8,13,0.448276,45.38
12,9,27,0.931034,93.17
12,10,1,0.034483,4.41
12,11,0,0.000000,1.00
12,12,13,0.448276,45.38
12,13,5,0.172414,18.07
12,14,14,0.482759,48.79
12,15,8,0.275862,28.31
12,16,1,0.034483,4.41
12,17,9,0.310345,31.72
12,18,17,0.586207,59.03
12,19,15,0.517241,52.21
12,20,7,0.241379,24.90
12,21,17,0.586207,59.03
12,22,1,0.034483,4.41
12,23,10,0.344828,35.14
12,24,18,0.620690,62.45
12,25,9,0.310345,31.72
12,26,20,0.689655,69.28
12,27,5,0.172414,18.07
12,28,5,0.172414,18.07
12,29,12,0.413793,41.97
12,30,27,0.931034,93.17
12,31,17,0.586207,59.03
12,32,16,0.551724,55.62
12,33,0,0.000000,1.00
12,34,16,0.551724,55.62
12,35,2,0.068966,7.83
12,36,3,0.103448,11.24
12,37,18,0.620690,62.45
12,38,13,0.448276,45.38
12,39,8,0.275862,28.31
12,40,9,0.310345,31.72
12,41,23,0.793103,79.52
12,42,16,0.551724,55.62
12,43,29,1.000000,100.00
12,44,15,0.517241,52.21
12,45,9,0.310345,31.72
12,46,27,0.931034,93.17
12,47,18,0.620690,62.45
12,48,1,0.034483,4.41
12,49,7,0.241379,24.90
12,50,23,0.793103,79.52
12,51,7,0.241379,24.90
12,52,21,0.724138,72.69
12,53,29,1.000000,100.00
12,54,17,0.586207,59.03
12,55,28,0.965517,96.59
12,56,1,0.034483,4.41
12,57,1,0.034483,4.41
12,58,29,1.000000,100.00
12,59,28,0.965517,96.59
12,60,0,0.000000,1.00
12,61,15,0.517241,52.21
12,62,21,0.724138,72.69
12,63,12,0.413793,41.97
13,0,13,0.448276,45.38
13,1,19,0.655172,65.86
13,2,0,0.000000,1.00
13,3,21,0.724138,72.69
13,4,6,0.206897,21.48
13,5,14,0.482759,48.79
13,6,20,0.689655,69.28
13,7,24,0.827586,82.93
13,8,4,0.137931,14.66
13,9,22,0.758621,76.10
13,10,4,0.137931,14.66
13,11,25,0.862069,86.34
13,12,9,0.310345,31.72
13,13,0,0.000000,1.00
13,14,14,0.482759,48.79
13,15,24,0.827586,82.93
13,16,20,0.689655,69.28
13,17,24,0.827586,82.93
13,18,7,0.241379,24.90
13,19,12,0.413793,41.97
13,20,29,1.000000,100.00
13,21,18,0.620690,62.45
13,22,17,0.586207,59.03
13,23,28,0.965517,96.59
13,24,0,0.000000,1.00
13,25,21,0.724138,72.69
13,26,13,0.448276,45.38
13,27,5,0.172414,18.07
13,28,17,0.586207,59.03
13,29,26,0.896552,89.76
13,30,19,0.655172,65.86
13,31,20,0.689655,69.28
13,32,2,0.068966,7.83
13,33,3,0.103448,11.24
13,34,9,0.310345,31.72
13,35,28,0.965517,96.59
13,36,15,0.517241,52.21
13,37,16,0.551724,55.62
13,38,22,0.758621,76.10
13,39,17,0.586207,59.03
13,40,22,0.758621,76.10
13,41,26,0.896552,89.76
13,42,19,0.655172,65.86
13,43,15,0.517241,52.21
13,44,18,0.620690,62.45
13,45,24,0.827586,82.93
13,46,25,0.862069,86.34
13,47,23,0.793103,79.52
13,48,20,0.689655,69.28
13,49,24,0.827586,82.93
13,50,3,0.103448,11.24
13,51,19,0.655172,65.86
13,52,29,1.000000,100.00
13,53,4,0.137931,14.66
13,54,8,0.275862,28.31
13,55,29,1.000000,100.00
13,56,0,0.000000,1.00
13,57,7,0.241379,24.90
13,58,29,1.000000,100.00
13,59,17,0.586207,59.03
13,60,26,0.896552,89.76
13,61,22,0.758621,76.10
13,62,5,0.172414,18.07
13,63,6,0.206897,21.48
14,0,9,0.310345,31.72
14,1,25,0.862069,86.34
14,2,7,0.241379,24.90
14,3,8,0.275862,28.31
14,4,8,0.275862,28.31
14,5,6,0.206897,21.48
14,6,22,0.758621,76.10
14,7,29,1.000000,100.00
14,8,12,0.413793,41.97
14,9,11,0.379310,38.55
14,10,24,0.827586,82.93
14,11,3,0.103448,11.24
14,12,20,0.689655,69.28
14,13,16,0.551724,55.62
14,14,4,0.137931,14.66
14,15,18,0.620690,62.45
14,16,24,0.827586,82.93
14,17,29,1.000000,100.00
14,18,18,0.620690,62.45
14,19,10,0.344828,35.14
14,20,21,0.724138,72.69
14,21,13,0.448276,45.38
14,22,20,0.689655,69.28
14,23,2,0.068966,7.83
14,24,6,0.206897,21.48
14,25,12,0.413793,41.97
14,26,17,0.586207,59.03
14,27,6,0.206897,21.48
14,28,21,0.724138,72.69
14,29,15,0.517241,52.21
14,30,6,0.206897,21.48
14,31,17,0.586207,59.03
14,32,21,0.724138,72.69
14,33,11,0.379310,38.55
14,34,5,0.172414,18.07
14,35,9,0.310345,31.72
14,36,18,0.620690,62.45
14,37,27,0.931034,93.17
14,38,28,0.965517,96.59
14,39,27,0.931034,93.17
14,40,1,0.034483,4.41
14,41,3,0.103448,11.24
14,42,0,0.000000,1.00
14,43,19,0.655172,65.86
14,44,22,0.758621,76.10
14,45,0,0.000000,1.00
14,46,15,0.517241,52.21
14,47,25,0.862069,86.34
14,48,21,0.724138,72.69
14,49,4,0.137931,14.66
14,50,27,0.931034,93.17
14,51,14,0.482759,48.79
14,52,14,0.482759,48.79
14,53,11,0.379310,38.55
14,54,29,1.000000,100.00
14,55,17,0.586207,59.03
14,56,0,0.000000,1.00
14,57,23,0.793103,79.52
14,58,29,1.000000,100.00
14,59,23,0.793103,79.52
14,60,19,0.655172,65.86
14,61,26,0.896552,89.76
14,62,17,0.586207,59.03
14,63,17,0.586207,59.03
15,0,14,0.482759,48.79
15,1,3,0.103448,11.24
15,2,23,0.793103,79.52
15,3,12,0.413793,41.97
15,4,11,0.379310,38.55
15,5,16,0.551724,55.62
15,6,24,0.827586,82.93
15,7,29,1.000000,100.00
15,8,9,0.310345,31.72
15,9,14,0.482759,48.79
15,10,4,0.137931,14.66
15,11,9,0.310345,31.72
15,12,28,0.965517,96.59
15,13,14,0.482759,48.79
15,14,13,0.448276,45.38
15,15,18,0.620690,62.45
15,16,21,0.724138,72.69
15,17,14,0.482759,48.79
15,18,21,0.724138,72.69
15,19,11,0.379310,38.55
15,20,9,0.310345,31.72
15,21,6,0.206897,21.48
15,22,1,0.034483,4.41
15,23,28,0.965517,96.59
15,24,16,0.551724,55.62
15,25,10,0.344828,35.14
15,26,8,0.275862,28.31
15,27,16,0.551724,55.62
15,28,14,0.482759,48.79
15,29,2,0.068966,7.83
15,30,1,0.034483,4.41
15,31,12,0.413793,41.97
15,32,8,0.275862,28.31
15,33,1,0.034483,4.41
15,34,19,0.655172,65.86
15,35,27,0.931034,93.17
15,36,4,0.137931,14.66
15,37,16,0.551724,55.62
15,38,28,0.965517,96.59
15,39,16,0.551724,55.62
15,40,23,0.793103,79.52
15,41,22,0.758621,76.10
15,42,26,0.896552,89.76
15,43,19,0.655172,65.86
15,44,27,0.931034,93.17
15,45,7,0.241379,24.90
15,46,27,0.931034,93.17
15,47,15,0.517241,52.21
15,48,13,0.448276,45.38
15,49,22,0.758621,76.10
15,50,17,0.586207,59.03
15,51,8,0.275862,28.31
15,52,25,0.862069,86.34
15,53,11,0.379310,38.55
15,54,25,0.862069,86.34
15,55,23,0.793103,79.52
15,56,11,0.379310,38.55
15,57,10,0.344828,35.14
15,58,4,0.137931,14.66
15,59,25,0.862069,86.34
15,60,12,0.413793,41.97
15,61,4,0.137931,14.66
15,62,9,0.310345,31.72
15,63,29,1.000000,100.00
16,0,28,0.965517,96.59
16,1,9,0.310345,31.72
16,2,9,0.310345,31.72
16,3,27,0.931034,93.17
16,4,0,0.000000,1.00
16,5,15,0.517241,52.21
16,6,28,0.965517,96.59
16,7,1,0.034483,4.41
16,8,4,0.137931,14.66
16,9,13,0.448276,45.38
16,10,29,1.000000,100.00
16,11,7,0.241379,24.90
16,12,0,0.000000,1.00
16,13,20,0.689655,69.28
16,14,16,0.551724,55.62
16,15,17,0.586207,59.03
16,16,2,0.068966,7.83
16,17,22,0.758621,76.10
16,18,23,0.793103,79.52
16,19,25,0.862069,86.34
16,20,9,0.310345,31.72
16,21,17,0.586207,59.03
16,22,27,0.931034,93.17
16,23,5,0.172414,18.07
16,24,14,0.482759,48.79
16,25,13,0.448276,45.38
16,26,5,0.172414,18.07
16,27,12,0.413793,41.97
16,28,19,0.655172,65.86
16,29,12,0.413793,41.97
16,30,1,0.034483,4.41
16,31,0,0.000000,1.00
16,32,20,0.689655,69.28
16,33,5,0.172414,18.07
16,34,4,0.137931,14.66
16,35,1,0.034483,4.41
16,36,28,0.965517,96.59
16,37,3,0.103448,11.24
16,38,25,0.862069,86.34
16,39,19,0.655172,65.86
16,40,27,0.931034,93.17
16,41,25,0.862069,86.34
16,42,23,0.793103,79.52
16,43,5,0.172414,18.07
16,44,5,0.172414,18.07
16,45,25,0.862069,86.34
16,46,22,0.758621,76.10
16,47,26,0.896552,89.76
16,48,17,0.586207,59.03
16,49,9,0.310345,31.72
16,50,17,0.586207,59.03
16,51,20,0.689655,69.28
16,52,9,0.310345,31.72
16,53,13,0.448276,45.38
16,54,21,0.724138,72.69
16,55,24,0.827586,82.93
16,56,27,0.931034,93.17
16,57,4,0.137931,14.66
16,58,14,0.482759,48.79
16,59,4,0.137931,14.66
16,60,19,0.655172,65.86
16,61,22,0.758621,76.10
16,62,29,1.000000,100.00
16,63,15,0.517241,52.21
17,0,17,0.586207,59.03
17,1,2,0.068966,7.83
17,2,19,0.655172,65.86
17,3,6,0.206897,21.48
17,4,5,0.172414,18.07
17,5,27,0.931034,93.17
17,6,11,0.379310,38.55
17,7,21,0.724138,72.69
17,8,28,0.965517,96.59
17,9,16,0.551724,55.62
17,10,15,0.517241,52.21
17,11,8,0.275862,28.31
17,12,1,0.034483,4.41
17,13,29,1.000000,100.00
17,14,2,0.068966,7.83
17,15,27,0.931034,93.17
17,16,26,0.896552,89.76
17,17,11,0.379310,38.55
17,18,1,0.034483,4.41
17,19,16,0.551724,55.62
17,20,11,0.379310,38.55
17,21,17,0.586207,59.03
17,22,27,0.931034,93.17
17,23,11,0.379310,38.55
17,24,2,0.068966,7.83
17,25,13,0.448276,45.38
17,26,29,1.000000,100.00
17,27,2,0.068966,7.83
17,28,2,0.068966,7.83
17,29,16,0.551724,55.62
17,30,6,0.206897,21.48
17,31,11,0.379310,38.55
17,32,25,0.862069,86.34
17,33,27,0.931034,93.17
17,34,14,0.482759,48.79
17,35,21,0.724138,72.69
17,36,18,0.620690,62.45
17,37,4,0.137931,14.66
17,38,28,0.965517,96.59
17,39,20,0.689655,69.28
17,40,23,0.793103,79.52
17,41,11,0.379310,38.55
17,42,26,0.896552,89.76
17,43,16,0.551724,55.62
17,44,19,0.655172,65.86
17,45,16,0.551724,55.62
17,46,26,0.896552,89.76
17,47,17,0.586207,59.03
17,48,3,0.103448,11.24
17,49,22,0.758621,76.10
17,50,4,0.137931,14.66
17,51,12,0.413793,41.97
17,52,3,0.103448,11.24
17,53,6,0.206897,21.48
17,54,11,0.379310,38.55
17,55,8,0.275862,28.31
17,56,19,0.655172,65.86
17,57,15,0.517241,52.21
17,58,3,0.103448,11.24
17,59,27,0.931034,93.17
17,60,10,0.344828,35.14
17,61,20,0.689655,69.28
17,62,4,0.137931,14.66
17,63,21,0.724138,72.69
18,0,26,0.896552,89.76
18,1,15,0.517241,52.21
18,2,1,0.034483,4.41
18,3,0,0.000000,1.00
18,4,13,0.448276,45.38
18,5,2,0.068966,7.83
18,6,14,0.482759,48.79
18,7,24,0.827586,82.93
18,8,23,0.793103,79.52
18,9,9,0.310345,31.72
18,10,27,0.931034,93.17
18,11,10,0.344828,35.14
18,12,3,0.103448,11.24
18,13,20,0.689655,69.28
18,14,16,0.551724,55.62
18,15,8,0.275862,28.31
18,16,21,0.724138,72.69
18,17,5,0.172414,18.07
18,18,7,0.241379,24.90
18,19,28,0.965517,96.59
18,20,16,0.551724,55.62
18,21,11,0.379310,38.55
18,22,5,0.172414,18.07
18,23,19,0.655172,65.86
18,24,21,0.724138,72.69
18,25,18,0.620690,62.45
18,26,4,0.137931,14.66
18,27,24,0.827586,82.93
18,28,29,1.000000,100.00
18,29,9,0.310345,31.72
18,30,12,0.413793,41.97
18,31,26,0.896552,89.76
18,32,26,0.896552,89.76
18,33,10,0.344828,35.14
18,34,5,0.172414,18.07
18,35,28,0.965517,96.59
18,36,29,1.000000,100.00
18,37,16,0.551724,55.62
18,38,10,0.344828,35.14
18,39,19,0.655172,65.86
18,40,14,0.482759,48.79
18,41,19,0.655172,65.86
18,42,3,0.103448,11.24
18,43,1,0.034483,4.41
18,44,28,0.965517,96.59
18,45,23,0.793103,79.52
18,46,25,0.862069,86.34
18,47,20,0.689655,69.28
18,48,3,0.103448,11.24
18,49,22,0.758621,76.10
18,50,25,0.862069,86.34
18,51,12,0.413793,41.97
18,52,15,0.517241,52.21
18,53,14,0.482759,48.79
18,54,25,0.862069,86.34
18,55,14,0.482759,48.79
18,56,7,0.241379,24.90
18,57,20,0.689655,69.28
18,58,3,0.103448,11.24
18,59,20,0.689655,69.28
18,60,29,1.000000,100.00
18,61,4,0.137931,14.66
18,62,15,0.517241,52.21
18,63,1,0.034483,4.41
19,0,12,0.413793,41.97
19,1,9,0.310345,31.72
19,2,6,0.206897,21.48
19,3,2,0.068966,7.83
19,4,20,0.689655,69.28
19,5,21,0.724138,72.69
19,6,3,0.103448,11.24
19,7,25,0.862069,86.34
19,8,17,0.586207,59.03
19,9,12,0.413793,41.97
19,10,28,0.965517,96.59
19,11,0,0.000000,1.00
19,12,26,0.896552,89.76
19,13,10,0.344828,35.14
19,14,25,0.862069,86.34
19,15,23,0.793103,79.52
19,16,9,0.310345,31.72
19,17,0,0.000000,1.00
19,18,22,0.758621,76.10
19,19,20,0.689655,69.28
19,20,20,0.689655,69.28
19,21,4,0.137931,14.66
19,22,24,0.827586,82.93
19,23,9,0.310345,31.72
19,24,22,0.758621,76.10
19,25,20,0.689655,69.28
19,26,0,0.000000,1.00
19,27,17,0.586207,59.03
19,28,2,0.068966,7.83
19,29,11,0.379310,38.55
19,30,23,0.793103,79.52
19,31,26,0.896552,89.76
19,32,19,0.655172,65.86
19,33,15,0.517241,52.21
19,34,23,0.793103,79.52
19,35,9,0.310345,31.72
19,36,3,0.103448,11.24
19,37,4,0.137931,14.66
19,38,7,0.241379,24.90
19,39,2,0.068966,7.83
19,40,13,0.448276,45.38
19,41,4,0.137931,14.66
19,42,18,0.620690,62.45
19,43,3,0.103448,11.24
19,44,15,0.517241,52.21
19,45,12,0.413793,41.97
19,46,13,0.448276,45.38
19,47,24,0.827586,82.93
19,48,3,0.103448,11.24
19,49,26,0.896552,89.76
19,50,17,0.586207,59.03
19,51,26,0.896552,89.76
19,52,21,0.724138,72.69
19,53,4,0.137931,14.66
19,54,3,0.103448,11.24
19,55,4,0.137931,14.66
19,56,4,0.137931,14.66
19,57,1,0.034483,4.41
19,58,19,0.655172,65.86
19,59,23,0.793103,79.52
19,60,15,0.517241,52.21
19,61,13,0.448276,45.38
19,62,29,1.000000,100.00
19,63,5,0.172414,18.07
20,0,28,0.965517,96.59
20,1,28,0.965517,96.59
20,2,24,0.827586,82.93
20,3,25,0.862069,86.34
20,4,10,0.344828,35.14
20,5,18,0.620690,62.45
20,6,14,0.482759,48.79
20,7,8,0.275862,28.31
20,8,0,0.000000,1.00
20,9,28,0.965517,96.59
20,10,17,0.586207,59.03
20,11,11,0.379310,38.55
20,12,13,0.448276,45.38
20,13,0,0.000000,1.00
20,14,2,0.068966,7.83
20,15,21,0.724138,72.69
20,16,9,0.310345,31.72
20,17,0,0.000000,1.00
20,18,15,0.517241,52.21
20,19,9,0.310345,31.72
20,20,15,0.517241,52.21
20,21,13,0.448276,45.38
20,22,27,0.931034,93.17
20,23,6,0.206897,21.48
20,24,21,0.724138,72.69
20,25,19,0.655172,65.86
20,26,22,0.758621,76.10
20,27,9,0.310345,31.72
20,28,1,0.034483,4.41
20,29,0,0.000000,1.00
20,30,16,0.551724,55.62
20,31,10,0.344828,35.14
20,32,14,0.482759,48.79
20,33,1,0.034483,4.41
20,34,27,0.931034,93.17
20,35,6,0.206897,21.48
20,36,17,0.586207,59.03
20,37,14,0.482759,48.79
20,38,5,0.172414,18.07
20,39,24,0.827586,82.93
20,40,22,0.758621,76.10
20,41,3,0.103448,11.24
20,42,10,0.344828,35.14
20,43,20,0.689655,69.28
20,44,14,0.482759,48.79
20,45,10,0.344828,35.14
20,46,27,0.931034,93.17
20,47,15,0.517241,52.21
20,48,20,0.689655,69.28
20,49,13,0.448276,45.38
20,50,19,0.655172,65.86
20,51,3,0.103448,11.24
20,52,19,0.655172,65.86
20,53,15,0.517241,52.21
20,54,22,0.758621,76.10
20,55,6,0.206897,21.48
20,56,0,0.000000,1.00
20,57,17,0.586207,59.03
20,58,15,0.517241,52.21
20,59,6,0.206897,21.48
20,60,5,0.172414,18.07
20,61,25,0.862069,86.34
20,62,27,0.931034,93.17
20,63,21,0.724138,72.69
21,0,0,0.000000,1.00
21,1,0,0.000000,1.00
21,2,1,0.034483,4.41
21,3,24,0.827586,82.93
21,4,12,0.413793,41.97
21,5,26,0.896552,89.76
21,6,13,0.448276,45.38
21,7,7,0.241379,24.90
21,8,22,0.758621,76.10
21,9,12,0.413793,41.97
21,10,17,0.586207,59.03
21,11,21,0.724138,72.69
21,12,10,0.344828,35.14
21,13,16,0.551724,55.62
21,14,18,0.620690,62.45
21,15,9,0.310345,31.72
21,16,0,0.000000,1.00
21,17,21,0.724138,72.69
21,18,12,0.413793,41.97
21,19,24,0.827586,82.93
21,20,25,0.862069,86.34
21,21,11,0.379310,38.55
21,22,27,0.931034,93.17
21,23,4,0.137931,14.66
21,24,4,0.137931,14.66
21,25,16,0.551724,55.62
21,26,14,0.482759,48.79
21,27,8,0.275862,28.31
21,28,12,0.413793,41.97
21,29,19,0.655172,65.86
21,30,28,0.965517,96.59
21,31,8,0.275862,28.31
21,32,18,0.620690,62.45
21,33,13,0.448276,45.38
21,34,12,0.413793,41.97
21,35,1,0.034483,4.41
21,36,16,0.551724,55.62
21,37,1,0.034483,4.41
21,38,23,0.793103,79.52
21,39,29,1.000000,100.00
21,40,18,0.620690,62.45
21,41,18,0.620690,62.45
21,42,28,0.965517,96.59
21,43,22,0.758621,76.10
21,44,4,0.137931,14.66
21,45,19,0.655172,65.86
21,46,21,0.724138,72.69
21,47,19,0.655172,65.86
21,48,19,0.655172,65.86
21,49,19,0.655172,65.86
21,50,5,0.172414,18.07
21,51,6,0.206897,21.48
21,52,11,0.379310,38.55
21,53,8,0.275862,28.31
21,54,18,0.620690,62.45
21,55,2,0.068966,7.83
21,56,29,1.000000,100.00
21,57,8,0.275862,28.31
21,58,18,0.620690,62.45
21,59,3,0.103448,11.24
21,60,15,0.517241,52.21
21,61,26,0.896552,89.76
21,62,22,0.758621,76.10
21,63,20,0.689655,69.28
22,0,4,0.137931,14.66
22,1,28,0.965517,96.59
22,2,11,0.379310,38.55
22,3,29,1.000000,100.00
22,4,5,0.172414,18.07
22,5,22,0.758621,76.10
22,6,2,0.068966,7.83
22,7,29,1.000000,100.00
22,8,6,0.206897,21.48
22,9,26,0.896552,89.76
22,10,27,0.931034,93.17
22,11,7,0.241379,24.90
22,12,3,0.103448,11.24
22,13,19,0.655172,65.86
22,14,21,0.724138,72.69
22,15,27,0.931034,93.17
22,16,3,0.103448,11.24
22,17,11,0.379310,38.55
22,18,29,1.000000,100.00
22,19,18,0.620690,62.45
22,20,14,0.482759,48.79
22,21,24,0.827586,82.93
22,22,17,0.586207,59.03
22,23,2,0.068966,7.83
22,24,13,0.448276,45.38
22,25,19,0.655172,65.86
22,26,10,0.344828,35.14
22,27,24,0.827586,82.93
22,28,21,0.724138,72.69
22,29,24,0.827586,82.93
22,30,29,1.000000,100.00
22,31,29,1.000000,100.00
22,32,12,0.413793,41.97
22,33,25,0.862069,86.34
22,34,27,0.931034,93.17
22,35,10,0.344828,35.14
22,36,25,0.862069,86.34
22,37,21,0.724138,72.69
22,38,14,0.482759,48.79
22,39,23,0.793103,79.52
22,40,12,0.413793,41.97
22,41,22,0.758621,76.10
22,42,10,0.344828,35.14
22,43,23,0.793103,79.52
22,44,27,0.931034,93.17
22,45,5,0.172414,18.07
22,46,9,0.310345,31.72
22,47,11,0.379310,38.55
22,48,29,1.000000,100.00
22,49,26,0.896552,89.76
22,50,8,0.275862,28.31
22,51,24,0.827586,82.93
22,52,16,0.551724,55.62
22,53,20,0.689655,69.28
22,54,16,0.551724,55.62
22,55,7,0.241379,24.90
22,56,7,0.241379,24.90
22,57,17,0.586207,59.03
22,58,1,0.034483,4.41
22,59,14,0.482759,48.79
22,60,14,0.482759,48.79
22,61,15,0.517241,52.21
22,62,18,0.620690,62.45
22,63,3,0.103448,11.24
23,0,22,0.758621,76.10
23,1,1,0.034483,4.41
23,2,19,0.655172,65.86
23,3,9,0.310345,31.72
23,4,20,0.689655,69.28
23,5,24,0.827586,82.93
23,6,14,0.482759,48.79
23,7,5,0.172414,18.07
23,8,8,0.275862,28.31
23,9,22,0.758621,76.10
23,10,9,0.310345,31.72
23,11,16,0.551724,55.62
23,12,12,0.413793,41.97
23,13,28,0.965517,96.59
23,14,10,0.344828,35.14
23,15,24,0.827586,82.93
23,16,15,0.517241,52.21
23,17,5,0.172414,18.07
23,18,3,0.103448,11.24
23,19,24,0.827586,82.93
23,20,5,0.172414,18.07
23,21,3,0.103448,11.24
23,22,8,0.275862,28.31
23,23,4,0.137931,14.66
23,24,21,0.724138,72.69
23,25,12,0.413793,41.97
23,26,0,0.000000,1.00
23,27,27,0.931034,93.17
23,28,4,0.137931,14.66
23,29,16,0.551724,55.62
23,30,27,0.931034,93.17
23,31,19,0.655172,65.86
23,32,12,0.413793,41.97
23,33,6,0.206897,21.48
23,34,17,0.586207,59.03
23,35,8,0.275862,28.31
23,36,23,0.793103,79.52
23,37,5,0.172414,18.07
23,38,16,0.551724,55.62
23,39,13,0.448276,45.38
23,40,10,0.344828,35.14
23,41,6,0.206897,21.48
23,42,28,0.965517,96.59
23,43,9,0.310345,31.72
23,44,13,0.448276,45.38
23,45,7,0.241379,24.90
23,46,21,0.724138,72.69
23,47,25,0.862069,86.34
23,48,13,0.448276,45.38
23,49,11,0.379310,38.55
23,50,7,0.241379,24.90
23,51,1,0.034483,4.41
23,52,12,0.413793,41.97
23,53,21,0.724138,72.69
23,54,2,0.068966,7.83
23,55,28,0.965517,96.59
23,56,21,0.724138,72.69
23,57,20,0.689655,69.28
23,58,29,1.000000,100.00
23,59,18,0.620690,62.45
23,60,13,0.448276,45.38
23,61,27,0.931034,93.17
23,62,24,0.827586,82.93
23,63,12,0.413793,41.97
24,0,7,0.241379,24.90
24,1,25,0.862069,86.34
24,2,2,0.068966,7.83
24,3,25,0.862069,86.34
24,4,22,0.758621,76.10
24,5,12,0.413793,41.97
24,6,6,0.206897,21.48
24,7,6,0.206897,21.48
24,8,12,0.413793,41.97
24,9,26,0.896552,89.76
24,10,13,0.448276,45.38
24,11,16,0.551724,55.62
24,12,20,0.689655,69.28
24,13,4,0.137931,14.66
24,14,3,0.103448,11.24
24,15,13,0.448276,45.38
24,16,1,0.034483,4.41
24,17,15,0.517241,52.21
24,18,23,0.793103,79.52
24,19,6,0.206897,21.48
24,20,23,0.793103,79.52
24,21,14,0.482759,48.79
24,22,28,0.965517,96.59
24,23,5,0.172414,18.07
24,24,27,0.931034,93.17
24,25,28,0.965517,96.59
24,26,21,0.724138,72.69
24,27,23,0.793103,79.52
24,28,14,0.482759,48.79
24,29,28,0.965517,96.59
24,30,13,0.448276,45.38
24,31,4,0.137931,14.66
24,32,2,0.068966,7.83
24,33,8,0.275862,28.31
24,34,15,0.517241,52.21
24,35,6,0.206897,21.48
24,36,20,0.689655,69.28
24,37,16,0.551724,55.62
24,38,21,0.724138,72.69
24,39,5,0.172414,18.07
24,40,25,0.862069,86.34
24,41,28,0.965517,96.59
24,42,11,0.379310,38.55
24,43,28,0.965517,96.59
24,44,2,0.068966,7.83
24,45,24,0.827586,82.93
24,46,21,0.724138,72.69
24,47,17,0.586207,59.03
24,48,15,0.517241,52.21
24,49,26,0.896552,89.76
24,50,21,0.724138,72.69
24,51,3,0.103448,11.24
24,52,25,0.862069,86.34
24,53,5,0.172414,18.07
24,54,24,0.827586,82.93
24,55,6,0.206897,21.48
24,56,7,0.241379,24.90
24,57,15,0.517241,52.21
24,58,20,0.689655,69.28
24,59,5,0.172414,18.07
24,60,29,1.000000,100.00
24,61,23,0.793103,79.52
24,62,24,0.827586,82.93
24,63,6,0.206897,21.48
25,0,15,0.517241,52.21
25,1,22,0.758621,76.10
25,2,26,0.896552,89.76
25,3,12,0.413793,41.97
25,4,9,0.310345,31.72
25,5,4,0.137931,14.66
25,6,15,0.517241,52.21
25,7,15,0.517241,52.21
25,8,23,0.793103,79.52
25,9,6,0.206897,21.48
25,10,4,0.137931,14.66
25,11,18,0.620690,62.45
25,12,27,0.931034,93.17
25,13,8,0.275862,28.31
25,14,28,0.965517,96.59
25,15,17,0.586207,59.03
25,16,14,0.482759,48.79
25,17,25,0.862069,86.34
25,18,22,0.758621,76.10
25,19,16,0.551724,55.62
25,20,8,0.275862,28.31
25,21,7,0.241379,24.90
25,22,20,0.689655,69.28
25,23,2,0.068966,7.83
25,24,12,0.413793,41.97
25,25,0,0.000000,1.00
25,26,8,0.275862,28.31
25,27,0,0.000000,1.00
25,28,26,0.896552,89.76
25,29,4,0.137931,14.66
25,30,10,0.344828,35.14
25,31,0,0.000000,1.00
25,32,6,0.206897,21.48
25,33,12,0.413793,41.97
25,34,4,0.137931,14.66
25,35,4,0.137931,14.66
25,36,5,0.172414,18.07
25,37,10,0.344828,35.14
25,38,21,0.724138,72.69
25,39,6,0.206897,21.48
25,40,17,0.586207,59.03
25,41,26,0.896552,89.76
25,42,29,1.000000,100.00
25,43,7,0.241379,24.90
25,44,26,0.896552,89.76
25,45,14,0.482759,48.79
25,46,1,0.034483,4.41
25,47,4,0.137931,14.66
25,48,20,0.689655,69.28
25,49,6,0.206897,21.48
25,50,6,0.206897,21.48
25,51,21,0.724138,72.69
25,52,20,0.689655,69.28
25,53,21,0.724138,72.69
25,54,1,0.034483,4.41
25,55,22,0.758621,76.10
25,56,18,0.620690,62.45
25,57,10,0.344828,35.14
25,58,21,0.724138,72.69
25,59,2,0.068966,7.83
25,60,19,0.655172,65.86
25,61,9,0.310345,31.72
25,62,4,0.137931,14.66
25,63,23,0.793103,79.52
26,0,20,0.689655,69.28
26,1,23,0.793103,79.52
26,2,3,0.103448,11.24
26,3,22,0.758621,76.10
26,4,12,0.413793,41.97
26,5,26,0.896552,89.76
26,6,15,0.517241,52.21
26,7,22,0.758621,76.10
26,8,15,0.517241,52.21
26,9,9,0.310345,31.72
26,10,23,0.793103,79.52
26,11,0,0.000000,1.00
26,12,17,0.586207,59.03
26,13,5,0.172414,18.07
26,14,12,0.413793,41.97
26,15,28,0.965517,96.59
26,16,20,0.689655,69.28
26,17,23,0.793103,79.52
26,18,22,0.758621,76.10
26,19,23,0.793103,79.52
26,20,13,0.448276,45.38
26,21,7,0.241379,24.90
26,22,17,0.586207,59.03
26,23,29,1.000000,100.00
26,24,7,0.241379,24.90
26,25,28,0.965517,96.59
26,26,12,0.413793,41.97
26,27,24,0.827586,82.93
26,28,21,0.724138,72.69
26,29,6,0.206897,21.48
26,30,19,0.655172,65.86
26,31,2,0.068966,7.83
26,32,12,0.413793,41.97
26,33,16,0.551724,55.62
26,34,8,0.275862,28.31
26,35,7,0.241379,24.90
26,36,15,0.517241,52.21
26,37,26,0.896552,89.76
26,38,29,1.000000,100.00
26,39,13,0.448276,45.38
26,40,27,0.931034,93.17
26,41,16,0.551724,55.62
26,42,23,0.793103,79.52
26,43,12,0.413793,41.97
26,44,13,0.448276,45.38
26,45,19,0.655172,65.86
26,46,6,0.206897,21.48
26,47,13,0.448276,45.38
26,48,27,0.931034,93.17
26,49,26,0.896552,89.76
26,50,20,0.689655,69.28
26,51,3,0.103448,11.24
26,52,28,0.965517,96.59
26,53,26,0.896552,89.76
26,54,3,0.103448,11.24
26,55,2,0.068966,7.83
26,56,8,0.275862,28.31
26,57,16,0.551724,55.62
26,58,24,0.827586,82.93
26,59,22,0.758621,76.10
26,60,25,0.862069,86.34
26,61,0,0.000000,1.00
26,62,20,0.689655,69.28
26,63,29,1.000000,100.00
27,0,29,1.000000,100.00
27,1,23,0.793103,79.52
27,2,18,0.620690,62.45
27,3,11,0.379310,38.55
27,4,7,0.241379,24.90
27,5,27,0.931034,93.17
27,6,14,0.482759,48.79
27,7,18,0.620690,62.45
27,8,20,0.689655,69.28
27,9,25,0.862069,86.34
27,10,25,0.862069,86.34
27,11,9,0.310345,31.72
27,12,13,0.448276,45.38
27,13,23,0.793103,79.52
27,14,21,0.724138,72.69
27,15,4,0.137931,14.66
27,16,8,0.275862,28.31
27,17,2,0.068966,7.83
27,18,17,0.586207,59.03
27,19,12,0.413793,41.97
27,20,13,0.448276,45.38
27,21,3,0.103448,11.24
27,22,23,0.793103,79.52
27,23,29,1.000000,100.00
27,24,3,0.103448,11.24
27,25,16,0.551724,55.62
27,26,6,0.206897,21.48
27,27,22,0.758621,76.10
27,28,8,0.275862,28.31
27,29,26,0.896552,89.76
27,30,23,0.793103,79.52
27,31,23,0.793103,79.52
27,32,22,0.758621,76.10
27,33,10,0.344828,35.14
27,34,25,0.862069,86.34
27,35,8,0.275862,28.31
27,36,14,0.482759,48.79
27,37,7,0.241379,24.90
27,38,27,0.931034,93.17
27,39,28,0.965517,96.59
27,40,5,0.172414,18.07
27,41,27,0.931034,93.17
27,42,22,0.758621,76.10
27,43,18,0.620690,62.45
27,44,23,0.793103,79.52
27,45,25,0.862069,86.34
27,46,22,0.758621,76.10
27,47,9,0.310345,31.72
27,48,2,0.068966,7.83
27,49,13,0.448276,45.38
27,50,24,0.827586,82.93
27,51,4,0.137931,14.66
27,52,23,0.793103,79.52
27,53,1,0.034483,4.41
27,54,20,0.689655,69.28
27,55,29,1.000000,100.00
27,56,1,0.034483,4.41
27,57,28,0.965517,96.59
27,58,9,0.310345,31.72
27,59,16,0.551724,55.62
27,60,0,0.000000,1.00
27,61,15,0.517241,52.21
27,62,19,0.655172,65.86
27,63,25,0.862069,86.34
28,0,15,0.517241,52.21
28,1,16,0.551724,55.62
28,2,28,0.965517,96.59
28,3,4,0.137931,14.66
28,4,9,0.310345,31.72
28,5,13,0.448276,45.38
28,6,25,0.862069,86.34
28,7,11,0.379310,38.55
28,8,4,0.137931,14.66
28,9,9,0.310345,31.72
28,10,15,0.517241,52.21
28,11,23,0.793103,79.52
28,12,14,0.482759,48.79
28,13,0,0.000000,1.00
28,14,17,0.586207,59.03
28,15,9,0.310345,31.72
28,16,25,0.862069,86.34
28,17,19,0.655172,65.86
28,18,5,0.172414,18.07
28,19,10,0.344828,35.14
28,20,9,0.310345,31.72
28,21,11,0.379310,38.55
28,22,9,0.310345,31.72
28,23,24,0.827586,82.93
28,24,20,0.689655,69.28
28,25,26,0.896552,89.76
28,26,10,0.344828,35.14
28,27,14,0.482759,48.79
28,28,4,0.137931,14.66
28,29,27,0.931034,93.17
28,30,27,0.931034,93.17
28,31,22,0.758621,76.10
28,32,9,0.310345,31.72
28,33,2,0.068966,7.83
28,34,23,0.793103,79.52
28,35,24,0.827586,82.93
28,36,26,0.896552,89.76
28,37,5,0.172414,18.07
28,38,22,0.758621,76.10
28,39,20,0.689655,69.28
28,40,18,0.620690,62.45
28,41,18,0.620690,62.45
28,42,1,0.034483,4.41
28,43,7,0.241379,24.90
28,44,6,0.206897,21.48
28,45,17,0.586207,59.03
28,46,7,0.241379,24.90
28,47,16,0.551724,55.62
28,48,24,0.827586,82.93
28,49,7,0.241379,24.90
28,50,13,0.448276,45.38
28,51,6,0.206897,21.48
28,52,2,0.068966,7.83
28,53,4,0.137931,14.66
28,54,16,0.551724,55.62
28,55,9,0.310345,31.72
28,56,9,0.310345,31.72
28,57,9,0.310345,31.72
28,58,20,0.689655,69.28
28,59,9,0.310345,31.72
28,60,7,0.241379,24.90
28,61,11,0.379310,38.55
28,62,14,0.482759,48.79
28,63,10,0.344828,35.14
29,0,9,0.310345,31.72
29,1,11,0.379310,38.55
29,2,7,0.241379,24.90
29,3,21,0.724138,72.69
29,4,15,0.517241,52.21
29,5,3,0.103448,11.24
29,6,29,1.000000,100.00
29,7,13,0.448276,45.38
29,8,6,0.206897,21.48
29,9,5,0.172414,18.07
29,10,27,0.931034,93.17
29,11,25,0.862069,86.34
29,12,7,0.241379,24.90
29,13,28,0.965517,96.59
29,14,8,0.275862,28.31
29,15,1,0.034483,4.41
29,16,20,0.689655,69.28
29,17,22,0.758621,76.10
29,18,0,0.000000,1.00
29,19,18,0.620690,62.45
29,20,2,0.068966,7.83
29,21,13,0.448276,45.38
29,22,29,1.000000,100.00
29,23,11,0.379310,38.55
29,24,10,0.344828,35.14
29,25,9,0.310345,31.72
29,26,21,0.724138,72.69
29,27,14,0.482759,48.79
29,28,21,0.724138,72.69
29,29,29,1.000000,100.00
29,30,8,0.275862,28.31
29,31,7,0.241379,24.90
29,32,6,0.206897,21.48
29,33,21,0.724138,72.69
29,34,17,0.586207,59.03
29,35,10,0.344828,35.14
29,36,29,1.000000,100.00
29,37,27,0.931034,93.17
29,38,24,0.827586,82.93
29,39,17,0.586207,59.03
29,40,0,0.000000,1.00
29,41,23,0.793103,79.52
29,42,3,0.103448,11.24
29,43,11,0.379310,38.55
29,44,6,0.206897,21.48
29,45,19,0.655172,65.86
29,46,3,0.103448,11.24
29,47,26,0.896552,89.76
29,48,29,1.000000,100.00
29,49,15,0.517241,52.21
29,50,6,0.206897,21.48
29,51,24,0.827586,82.93
29,52,20,0.689655,69.28
29,53,20,0.689655,69.28
29,54,26,0.896552,89.76
29,55,0,0.000000,1.00
29,56,6,0.206897,21.48
29,57,5,0.172414,18.07
29,58,9,0.310345,31.72
29,59,22,0.758621,76.10
29,60,20,0.689655,69.28
29,61,26,0.896552,89.76
29,62,14,0.482759,48.79
29,63,21,0.724138,72.69
30,0,19,0.655172,65.86
30,1,25,0.862069,86.34
30,2,9,0.310345,31.72
30,3,21,0.724138,72.69
30,4,28,0.965517,96.59
30,5,14,0.482759,48.79
30,6,19,0.655172,65.86
30,7,27,0.931034,93.17
30,8,2,0.068966,7.83
30,9,9,0.310345,31.72
30,10,4,0.137931,14.66
30,11,7,0.241379,24.90
30,12,25,0.862069,86.34
30,13,15,0.517241,52.21
30,14,19,0.655172,65.86
30,15,24,0.827586,82.93
30,16,0,0.000000,1.00
30,17,19,0.655172,65.86
30,18,11,0.379310,38.55
30,19,20,0.689655,69.28
30,20,12,0.413793,41.97
30,21,4,0.137931,14.66
30,22,16,0.551724,55.62
30,23,7,0.241379,24.90
30,24,6,0.206897,21.48
30,25,14,0.482759,48.79
30,26,7,0.241379,24.90
30,27,24,0.827586,82.93
30,28,24,0.827586,82.93
30,29,14,0.482759,48.79
30,30,1,0.034483,4.41
30,31,3,0.103448,11.24
30,32,28,0.965517,96.59
30,33,17,0.586207,59.03
30,34,2,0.068966,7.83
30,35,6,0.206897,21.48
30,36,0,0.000000,1.00
30,37,4,0.137931,14.66
30,38,4,0.137931,14.66
30,39,13,0.448276,45.38
30,40,19,0.655172,65.86
30,41,25,0.862069,86.34
30,42,5,0.172414,18.07
30,43,27,0.931034,93.17
30,44,29,1.000000,100.00
30,45,1,0.034483,4.41
30,46,12,0.413793,41.97
30,47,22,0.758621,76.10
30,48,10,0.344828,35.14
30,49,0,0.000000,1.00
30,50,15,0.517241,52.21
30,51,28,0.965517,96.59
30,52,18,0.620690,62.45
30,53,8,0.275862,28.31
30,54,16,0.551724,55.62
30,55,18,0.620690,62.45
30,56,14,0.482759,48.79
30,57,15,0.517241,52.21
30,58,27,0.931034,93.17
30,59,3,0.103448,11.24
30,60,20,0.689655,69.28
30,61,8,0.275862,28.31
30,62,28,0.965517,96.59
30,63,0,0.000000,1.00
31,0,8,0.275862,28.31
31,1,4,0.137931,14.66
31,2,24,0.827586,82.93
31,3,1,0.034483,4.41
31,4,23,0.793103,79.52
31,5,2,0.068966,7.83
31,6,21,0.724138,72.69
31,7,5,0.172414,18.07
31,8,8,0.275862,28.31
31,9,7,0.241379,24.90
31,10,5,0.172414,18.07
31,11,4,0.137931,14.66
31,12,28,0.965517,96.59
31,13,27,0.931034,93.17
31,14,6,0.206897,21.48
31,15,19,0.655172,65.86
31,16,7,0.241379,24.90
31,17,26,0.896552,89.76
31,18,13,0.448276,45.38
31,19,12,0.413793,41.97
31,20,18,0.620690,62.45
31,21,2,0.068966,7.83
31,22,18,0.620690,62.45
31,23,3,0.103448,11.24
31,24,21,0.724138,72.69
31,25,5,0.172414,18.07
31,26,18,0.620690,62.45
31,27,5,0.172414,18.07
31,28,26,0.896552,89.76
31,29,29,1.000000,100.00
31,30,7,0.241379,24.90
31,31,10,0.344828,35.14
31,32,20,0.689655,69.28
31,33,29,1.000000,100.00
31,34,17,0.586207,59.03
31,35,4,0.137931,14.66
31,36,6,0.206897,21.48
31,37,13,0.448276,45.38
31,38,10,0.344828,35.14
31,39,1,0.034483,4.41
31,40,27,0.931034,93.17
31,41,6,0.206897,21.48
31,42,14,0.482759,48.79
31,43,9,0.310345,31.72
31,44,8,0.275862,28.31
31,45,12,0.413793,41.97
31,46,15,0.517241,52.21
31,47,14,0.482759,48.79
31,48,19,0.655172,65.86
31,49,1,0.034483,4.41
31,50,15,0.517241,52.21
31,51,19,0.655172,65.86
31,52,2,0.068966,7.83
31,53,17,0.586207,59.03
31,54,17,0.586207,59.03
31,55,5,0.172414,18.07
31,56,16,0.551724,55.62
31,57,13,0.448276,45.38
31,58,21,0.724138,72.69
31,59,7,0.241379,24.90
31,60,8,0.275862,28.31
31,61,14,0.482759,48.79
31,62,12,0.413793,41.97
31,63,3,0.103448,11.24
32,0,5,0.172414,18.07
32,1,11,0.379310,38.55
32,2,0,0.000000,1.00
32,3,16,0.551724,55.62
32,4,28,0.965517,96.59
32,5,20,0.689655,69.28
32,6,19,0.655172,65.86
32,7,4,0.137931,14.66
32,8,15,0.517241,52.21
32,9,27,0.931034,93.17
32,10,10,0.344828,35.14
32,11,13,0.448276,45.38
32,12,27,0.931034,93.17
32,13,3,0.103448,11.24
32,14,18,0.620690,62.45
32,15,6,0.206897,21.48
32,16,17,0.586207,59.03
32,17,21,0.724138,72.69
32,18,18,0.620690,62.45
32,19,19,0.655172,65.86
32,20,27,0.931034,93.17
32,21,2,0.068966,7.83
32,22,3,0.103448,11.24
32,23,17,0.586207,59.03
32,24,7,0.241379,24.90
32,25,29,1.000000,100.00
32,26,11,0.379310,38.55
32,27,3,0.103448,11.24
32,28,4,0.137931,14.66
32,29,15,0.517241,52.21
32,30,24,0.827586,82.93
32,31,25,0.862069,86.34
32,32,10,0.344828,35.14
32,33,7,0.241379,24.90
32,34,11,0.379310,38.55
32,35,1,0.034483,4.41
32,36,8,0.275862,28.31
32,37,23,0.793103,79.52
32,38,23,0.793103,79.52
32,39,14,0.482759,48.79
32,40,24,0.827586,82.93
32,41,22,0.758621,76.10
32,42,11,0.379310,38.55
32,43,10,0.344828,35.14
32,44,23,0.793103,79.52
32,45,4,0.137931,14.66
32,46,24,0.827586,82.93
32,47,0,0.000000,1.00
32,48,8,0.275862,28.31
32,49,2,0.068966,7.83
32,50,11,0.379310,38.55
32,51,2,0.068966,7.83
32,52,11,0.379310,38.55
32,53,17,0.586207,59.03
32,54,5,0.172414,18.07
32,55,6,0.206897,21.48
32,56,3,0.103448,11.24
32,57,16,0.551724,55.62
32,58,6,0.206897,21.48
32,59,3,0.103448,11.24
32,60,25,0.862069,86.34
32,61,17,0.586207,59.03
32,62,4,0.137931,14.66
32,63,19,0.655172,65.86
33,0,4,0.137931,14.66
33,1,10,0.344828,35.14
33,2,14,0.482759,48.79
33,3,16,0.551724,55.62
33,4,19,0.655172,65.86
33,5,11,0.379310,38.55
33,6,6,0.206897,21.48
33,7,22,0.758621,76.10
33,8,6,0.206897,21.48
33,9,25,0.862069,86.34
33,10,22,0.758621,76.10
33,11,3,0.103448,11.24
33,12,14,0.482759,48.79
33,13,21,0.724138,72.69
33,14,27,0.931034,93.17
33,15,22,0.758621,76.10
33,16,7,0.241379,24.90
33,17,29,1.000000,100.00
33,18,1,0.034483,4.41
33,19,3,0.103448,11.24
33,20,29,1.000000,100.00
33,21,7,0.241379,24.90
33,22,7,0.241379,24.90
33,23,25,0.862069,86.34
33,24,28,0.965517,96.59
33,25,29,1.000000,100.00
33,26,17,0.586207,59.03
33,27,6,0.206897,21.48
33,28,6,0.206897,21.48
33,29,1,0.034483,4.41
33,30,4,0.137931,14.66
33,31,7,0.241379,24.90
33,32,19,0.655172,65.86
33,33,29,1.000000,100.00
33,34,2,0.068966,7.83
33,35,9,0.310345,31.72
33,36,8,0.275862,28.31
33,37,15,0.517241,52.21
33,38,16,0.551724,55.62
33,39,3,0.103448,11.24
33,40,29,1.000000,100.00
33,41,29,1.000000,100.00
33,42,18,0.620690,62.45
33,43,6,0.206897,21.48
33,44,1,0.034483,4.41
33,45,17,0.586207,59.03
33,46,22,0.758621,76.10
33,47,15,0.517241,52.21
33,48,13,0.448276,45.38
33,49,18,0.620690,62.45
33,50,20,0.689655,69.28
33,51,5,0.172414,18.07
33,52,7,0.241379,24.90
33,53,26,0.896552,89.76
33,54,3,0.103448,11.24
33,55,12,0.413793,41.97
33,56,18,0.620690,62.45
33,57,1,0.034483,4.41
33,58,11,0.379310,38.55
33,59,10,0.344828,35.14
33,60,24,0.827586,82.93
33,61,16,0.551724,55.62
33,62,28,0.965517,96.59
33,63,29,1.000000,100.00
34,0,21,0.724138,72.69
34,1,3,0.103448,11.24
34,2,4,0.137931,14.66
34,3,24,0.827586,82.93
34,4,6,0.206897,21.48
34,5,19,0.655172,65.86
34,6,4,0.137931,14.66
34,7,24,0.827586,82.93
34,8,21,0.724138,72.69
34,9,18,0.620690,62.45
34,10,23,0.793103,79.52
34,11,0,0.000000,1.00
34,12,21,0.724138,72.69
34,13,8,0.275862,28.31
34,14,13,0.448276,45.38
34,15,26,0.896552,89.76
34,16,4,0.137931,14.66
34,17,26,0.896552,89.76
34,18,5,0.172414,18.07
34,19,26,0.896552,89.76
34,20,19,0.655172,65.86
34,21,0,0.000000,1.00
34,22,13,0.448276,45.38
34,23,15,0.517241,52.21
34,24,16,0.551724,55.62
34,25,26,0.896552,89.76
34,26,4,0.137931,14.66
34,27,3,0.103448,11.24
34,28,16,0.551724,55.62
34,29,4,0.137931,14.66
34,30,13,0.448276,45.38
34,31,18,0.620690,62.45
34,32,4,0.137931,14.66
34,33,13,0.448276,45.38
34,34,29,1.000000,100.00
34,35,3,0.103448,11.24
34,36,1,0.034483,4.41
34,37,20,0.689655,69.28
34,38,29,1.000000,100.00
34,39,1,0.034483,4.41
34,40,14,0.482759,48.79
34,41,10,0.344828,35.14
34,42,17,0.586207,59.03
34,43,9,0.310345,31.72
34,44,10,0.344828,35.14
34,45,9,0.310345,31.72
34,46,1,0.034483,4.41
34,47,21,0.724138,72.69
34,48,29,1.000000,100.00
34,49,8,0.275862,28.31
34,50,27,0.931034,93.17
34,51,22,0.758621,76.10
34,52,14,0.482759,48.79
34,53,23,0.793103,79.52
34,54,23,0.793103,79.52
34,55,15,0.517241,52.21
34,56,15,0.517241,52.21
34,57,4,0.137931,14.66
34,58,10,0.344828,35.14
34,59,9,0.310345,31.72
34,60,6,0.206897,21.48
34,61,17,0.586207,59.03
34,62,23,0.793103,79.52
34,63,15,0.517241,52.21
35,0,23,0.793103,79.52
35,1,18,0.620690,62.45
35,2,17,0.586207,59.03
35,3,7,0.241379,24.90
35,4,25,0.862069,86.34
35,5,28,0.965517,96.59
35,6,25,0.862069,86.34
35,7,18,0.620690,62.45
35,8,0,0.000000,1.00
35,9,25,0.862069,86.34
35,10,6,0.206897,21.48
35,11,11,0.379310,38.55
35,12,29,1.000000,100.00
35,13,25,0.862069,86.34
35,14,11,0.379310,38.55
35,15,0,0.000000,1.00
35,16,25,0.862069,86.34
35,17,16,0.551724,55.62
35,18,12,0.413793,41.97
35,19,2,0.068966,7.83
35,20,20,0.689655,69.28
35,21,5,0.172414,18.07
35,22,12,0.413793,41.97
35,23,27,0.931034,93.17
35,24,21,0.724138,72.69
35,25,0,0.000000,1.00
35,26,15,0.517241,52.21
35,27,6,0.206897,21.48
35,28,7,0.241379,24.90
35,29,10,0.344828,35.14
35,30,7,0.241379,24.90
35,31,11,0.379310,38.55
35,32,20,0.689655,69.28
35,33,15,0.517241,52.21
35,34,15,0.517241,52.21
35,35,18,0.620690,62.45
35,36,0,0.000000,1.00
35,37,5,0.172414,18.07
35,38,26,0.896552,89.76
35,39,17,0.586207,59.03
35,40,10,0.344828,35.14
35,41,25,0.862069,86.34
35,42,22,0.758621,76.10
35,43,29,1.000000,100.00
35,44,28,0.965517,96.59
35,45,6,0.206897,21.48
35,46,19,0.655172,65.86
35,47,15,0.517241,52.21
35,48,29,1.000000,100.00
35,49,14,0.482759,48.79
35,50,15,0.517241,52.21
35,51,5,0.172414,18.07
35,52,29,1.000000,100.00
35,53,11,0.379310,38.55
35,54,12,0.413793,41.97
35,55,29,1.000000,100.00
35,56,20,0.689655,69.28
35,57,10,0.344828,35.14
35,58,16,0.551724,55.62
35,59,26,0.896552,89.76
35,60,0,0.000000,1.00
35,61,28,0.965517,96.59
35,62,12,0.413793,41.97
35,63,12,0.413793,41.97
36,0,27,0.931034,93.17
36,1,18,0.620690,62.45
36,2,25,0.862069,86.34
36,3,17,0.586207,59.03
36,4,8,0.275862,28.31
36,5,13,0.448276,45.38
36,6,17,0.586207,59.03
36,7,23,0.793103,79.52
36,8,16,0.551724,55.62
36,9,20,0.689655,69.28
36,10,14,0.482759,48.79
36,11,24,0.827586,82.93
36,12,21,0.724138,72.69
36,13,10,0.344828,35.14
36,14,3,0.103448,11.24
36,15,1,0.034483,4.41
36,16,14,0.482759,48.79
36,17,10,0.344828,35.14
36,18,13,0.448276,45.38
36,19,2,0.068966,7.83
36,20,28,0.965517,96.59
36,21,16,0.551724,55.62
36,22,20,0.689655,69.28
36,23,20,0.689655,69.28
36,24,26,0.896552,89.76
36,25,24,0.827586,82.93
36,26,10,0.344828,35.14
36,27,27,0.931034,93.17
36,28,27,0.931034,93.17
36,29,22,0.758621,76.10
36,30,18,0.620690,62.45
36,31,1,0.034483,4.41
36,32,11,0.379310,38.55
36,33,21,0.724138,72.69
36,34,18,0.620690,62.45
36,35,3,0.103448,11.24
36,36,25,0.862069,86.34
36,37,9,0.310345,31.72
36,38,17,0.586207,59.03
36,39,27,0.931034,93.17
36,40,7,0.241379,24.90
36,41,1,0.034483,4.41
36,42,19,0.655172,65.86
36,43,17,0.586207,59.03
36,44,18,0.620690,62.45
36,45,15,0.517241,52.21
36,46,19,0.655172,65.86
36,47,25,0.862069,86.34
36,48,20,0.689655,69.28
36,49,3,0.103448,11.24
36,50,4,0.137931,14.66
36,51,12,0.413793,41.97
36,52,23,0.793103,79.52
36,53,19,0.655172,65.86
36,54,10,0.344828,35.14
36,55,3,0.103448,11.24
36,56,16,0.551724,55.62
36,57,21,0.724138,72.69
36,58,10,0.344828,35.14
36,59,4,0.137931,14.66
36,60,29,1.000000,100.00
36,61,12,0.413793,41.97
36,62,29,1.000000,100.00
36,63,10,0.344828,35.14
37,0,28,0.965517,96.59
37,1,16,0.551724,55.62
37,2,26,0.896552,89.76
37,3,16,0.551724,55.62
37,4,13,0.448276,45.38
37,5,11,0.379310,38.55
37,6,17,0.586207,59.03
37,7,2,0.068966,7.83
37,8,11,0.379310,38.55
37,9,26,0.896552,89.76
37,10,12,0.413793,41.97
37,11,23,0.793103,79.52
37,12,24,0.827586,82.93
37,13,17,0.586207,59.03
37,14,18,0.620690,62.45
37,15,0,0.000000,1.00
37,16,13,0.448276,45.38
37,17,3,0.103448,11.24
37,18,0,0.000000,1.00
37,19,20,0.689655,69.28
37,20,8,0.275862,28.31
37,21,2,0.068966,7.83
37,22,6,0.206897,21.48
37,23,23,0.793103,79.52
37,24,20,0.689655,69.28
37,25,8,0.275862,28.31
37,26,1,0.034483,4.41
37,27,7,0.241379,24.90
37,28,18,0.620690,62.45
37,29,7,0.241379,24.90
37,30,7,0.241379,24.90
37,31,29,1.000000,100.00
37,32,25,0.862069,86.34
37,33,10,0.344828,35.14
37,34,10,0.344828,35.14
37,35,23,0.793103,79.52
37,36,21,0.724138,72.69
37,37,23,0.793103,79.52
37,38,21,0.724138,72.69
37,39,4,0.137931,14.66
37,40,2,0.068966,7.83
37,41,5,0.172414,18.07
37,42,28,0.965517,96.59
37,43,9,0.310345,31.72
37,44,2,0.068966,7.83
37,45,3,0.103448,11.24
37,46,3,0.103448,11.24
37,47,16,0.551724,55.62
37,48,29,1.000000,100.00
37,49,5,0.172414,18.07
37,50,1,0.034483,4.41
37,51,23,0.793103,79.52
37,52,0,0.000000,1.00
37,53,29,1.000000,100.00
37,54,24,0.827586,82.93
37,55,24,0.827586,82.93
37,56,26,0.896552,89.76
37,57,0,0.000000,1.00
37,58,10,0.344828,35.14
37,59,21,0.724138,72.69
37,60,14,0.482759,48.79
37,61,25,0.862069,86.34
37,62,9,0.310345,31.72
37,63,24,0.827586,82.93
38,0,1,0.034483,4.41
38,1,28,0.965517,96.59
38,2,9,0.310345,31.72
38,3,5,0.172414,18.07
38,4,24,0.827586,82.93
38,5,13,0.448276,45.38
38,6,5,0.172414,18.07
38,7,11,0.379310,38.55
38,8,12,0.413793,41.97
38,9,2,0.068966,7.83
38,10,20,0.689655,69.28
38,11,14,0.482759,48.79
38,12,19,0.655172,65.86
38,13,26,0.896552,89.76
38,14,15,0.517241,52.21
38,15,10,0.344828,35.14
38,16,21,0.724138,72.69
38,17,4,0.137931,14.66
38,18,20,0.689655,69.28
38,19,11,0.379310,38.55
38,20,26,0.896552,89.76
38,21,19,0.655172,65.86
38,22,18,0.620690,62.45
38,23,29,1.000000,100.00
38,24,15,0.517241,52.21
38,25,13,0.448276,45.38
38,26,22,0.758621,76.10
38,27,4,0.137931,14.66
38,28,25,0.862069,86.34
38,29,9,0.310345,31.72
38,30,27,0.931034,93.17
38,31,13,0.448276,45.38
38,32,22,0.758621,76.10
38,33,28,0.965517,96.59
38,34,2,0.068966,7.83
38,35,24,0.827586,82.93
38,36,2,0.068966,7.83
38,37,7,0.241379,24.90
38,38,10,0.344828,35.14
38,39,26,0.896552,89.76
38,40,6,0.206897,21.48
38,41,19,0.655172,65.86
38,42,14,0.482759,48.79
38,43,1,0.034483,4.41
38,44,18,0.620690,62.45
38,45,22,0.758621,76.10
38,46,15,0.517241,52.21
38,47,23,0.793103,79.52
38,48,8,0.275862,28.31
38,49,18,0.620690,62.45
38,50,7,0.241379,24.90
38,51,15,0.517241,52.21
38,52,3,0.103448,11.24
38,53,25,0.862069,86.34
38,54,10,0.344828,35.14
38,55,3,0.103448,11.24
38,56,15,0.517241,52.21
38,57,19,0.655172,65.86
38,58,17,0.586207,59.03
38,59,1,0.034483,4.41
38,60,4,0.137931,14.66
38,61,9,0.310345,31.72
38,62,20,0.689655,69.28
38,63,12,0.413793,41.97
39,0,15,0.517241,52.21
39,1,15,0.517241,52.21
39,2,11,0.379310,38.55
39,3,4,0.137931,14.66
39,4,4,0.137931,14.66
39,5,12,0.413793,41.97
39,6,14,0.482759,48.79
39,7,0,0.000000,1.00
39,8,19,0.655172,65.86
39,9,16,0.551724,55.62
39,10,5,0.172414,18.07
39,11,7,0.241379,24.90
39,12,11,0.379310,38.55
39,13,28,0.965517,96.59
39,14,13,0.448276,45.38
39,15,2,0.068966,7.83
39,16,2,0.068966,7.83
39,17,28,0.965517,96.59
39,18,28,0.965517,96.59
39,19,8,0.275862,28.31
39,20,13,0.448276,45.38
39,21,12,0.413793,41.97
39,22,7,0.241379,24.90
39,23,29,1.000000,100.00
39,24,23,0.793103,79.52
39,25,29,1.000000,100.00
39,26,1,0.034483,4.41
39,27,16,0.551724,55.62
39,28,18,0.620690,62.45
39,29,0,0.000000,1.00
39,30,19,0.655172,65.86
39,31,14,0.482759,48.79
39,32,9,0.310345,31.72
39,33,7,0.241379,24.90
39,34,28,0.965517,96.59
39,35,28,0.965517,96.59
39,36,18,0.620690,62.45
39,37,26,0.896552,89.76
39,38,13,0.448276,45.38
39,39,17,0.586207,59.03
39,40,18,0.620690,62.45
39,41,13,0.448276,45.38
39,42,11,0.379310,38.55
39,43,18,0.620690,62.45
39,44,9,0.310345,31.72
39,45,18,0.620690,62.45
39,46,19,0.655172,65.86
39,47,13,0.448276,45.38
39,48,13,0.448276,45.38
39,49,6,0.206897,21.48
39,50,15,0.517241,52.21
39,51,21,0.724138,72.69
39,52,13,0.448276,45.38
39,53,11,0.379310,38.55
39,54,26,0.896552,89.76
39,55,13,0.448276,45.38
39,56,16,0.551724,55.62
39,57,11,0.379310,38.55
39,58,25,0.862069,86.34
39,59,1,0.034483,4.41
39,60,6,0.206897,21.48
39,61,9,0.310345,31.72
39,62,18,0.620690,62.45
39,63,2,0.068966,7.83
40,0,10,0.344828,35.14
40,1,0,0.000000,1.00
40,2,21,0.724138,72.69
40,3,17,0.586207,59.03
40,4,21,0.724138,72.69
40,5,1,0.034483,4.41
40,6,17,0.586207,59.03
40,7,6,0.206897,21.48
40,8,11,0.379310,38.55
40,9,18,0.620690,62.45
40,10,1,0.034483,4.41
40,11,18,0.620690,62.45
40,12,6,0.206897,21.48
40,13,19,0.655172,65.86
40,14,6,0.206897,21.48
40,15,26,0.896552,89.76
40,16,9,0.310345,31.72
40,17,9,0.310345,31.72
40,18,13,0.448276,45.38
40,19,9,0.310345,31.72
40,20,13,0.448276,45.38
40,21,13,0.448276,45.38
40,22,26,0.896552,89.76
40,23,19,0.655172,65.86
40,24,21,0.724138,72.69
40,25,2,0.068966,7.83
40,26,19,0.655172,65.86
40,27,3,0.103448,11.24
40,28,6,0.206897,21.48
40,29,0,0.000000,1.00
40,30,29,1.000000,100.00
40,31,29,1.000000,100.00
40,32,4,0.137931,14.66
40,33,10,0.344828,35.14
40,34,17,0.586207,59.03
40,35,29,1.000000,100.00
40,36,0,0.000000,1.00
40,37,10,0.344828,35.14
40,38,0,0.000000,1.00
40,39,14,0.482759,48.79
40,40,24,0.827586,82.93
40,41,22,0.758621,76.10
40,42,29,1.000000,100.00
40,43,19,0.655172,65.86
40,44,17,0.586207,59.03
40,45,5,0.172414,18.07
40,46,24,0.827586,82.93
40,47,14,0.482759,48.79
40,48,26,0.896552,89.76
40,49,2,0.068966,7.83
40,50,27,0.931034,93.17
40,51,12,0.413793,41.97
40,52,25,0.862069,86.34
40,53,14,0.482759,48.79
40,54,19,0.655172,65.86
40,55,12,0.413793,41.97
40,56,20,0.689655,69.28
40,57,0,0.000000,1.00
40,58,12,0.413793,41.97
40,59,27,0.931034,93.17
40,60,4,0.137931,14.66
40,61,18,0.620690,62.45
40,62,25,0.862069,86.34
40,63,3,0.103448,11.24
41,0,7,0.241379,24.90
41,1,0,0.000000,1.00
41,2,29,1.000000,100.00
41,3,15,0.517241,52.21
41,4,18,0.620690,62.45
41,5,24,0.827586,82.93
41,6,1,0.034483,4.41
41,7,3,0.103448,11.24
41,8,19,0.655172,65.86
41,9,23,0.793103,79.52
41,10,26,0.896552,89.76
41,11,21,0.724138,72.69
41,12,28,0.965517,96.59
41,13,10,0.344828,35.14
41,14,8,0.275862,28.31
41,15,23,0.793103,79.52
41,16,2,0.068966,7.83
41,17,9,0.310345,31.72
41,18,29,1.000000,100.00
41,19,9,0.310345,31.72
41,20,26,0.896552,89.76
41,21,0,0.000000,1.00
41,22,20,0.689655,69.28
41,23,15,0.517241,52.21
41,24,1,0.034483,4.41
41,25,7,0.241379,24.90
41,26,21,0.724138,72.69
41,27,9,0.310345,31.72
41,28,29,1.000000,100.00
41,29,21,0.724138,72.69
41,30,11,0.379310,38.55
41,31,22,0.758621,76.10
41,32,20,0.689655,69.28
41,33,24,0.827586,82.93
41,34,20,0.689655,69.28
41,35,5,0.172414,18.07
41,36,29,1.000000,100.00
41,37,5,0.172414,18.07
41,38,22,0.758621,76.10
41,39,12,0.413793,41.97
41,40,17,0.586207,59.03
41,41,6,0.206897,21.48
41,42,15,0.517241,52.21
41,43,6,0.206897,21.48
41,44,14,0.482759,48.79
41,45,25,0.862069,86.34
41,46,20,0.689655,69.28
41,47,23,0.793103,79.52
41,48,12,0.413793,41.97
41,49,13,0.448276,45.38
41,50,18,0.620690,62.45
41,51,9,0.310345,31.72
41,52,20,0.689655,69.28
41,53,4,0.137931,14.66
41,54,0,0.000000,1.00
41,55,23,0.793103,79.52
41,56,22,0.758621,76.10
41,57,18,0.620690,62.45
41,58,23,0.793103,79.52
41,59,16,0.551724,55.62
41,60,23,0.793103,79.52
41,61,3,0.103448,11.24
41,62,23,0.793103,79.52
41,63,19,0.655172,65.86
42,0,0,0.000000,1.00
42,1,7,0.241379,24.90
42,2,28,0.965517,96.59
42,3,18,0.620690,62.45
42,4,0,0.000000,1.00
42,5,23,0.793103,79.52
42,6,2,0.068966,7.83
42,7,14,0.482759,48.79
42,8,17,0.586207,59.03
42,9,29,1.000000,100.00
42,10,13,0.448276,45.38
42,11,23,0.793103,79.52
42,12,24,0.827586,82.93
42,13,6,0.206897,21.48
42,14,21,0.724138,72.69
42,15,21,0.724138,72.69
42,16,27,0.931034,93.17
42,17,4,0.137931,14.66
42,18,5,0.172414,18.07
42,19,19,0.655172,65.86
42,20,6,0.206897,21.48
42,21,19,0.655172,65.86
42,22,14,0.482759,48.79
42,23,21,0.724138,72.69
42,24,2,0.068966,7.83
42,25,5,0.172414,18.07
42,26,0,0.000000,1.00
42,27,29,1.000000,100.00
42,28,11,0.379310,38.55
42,29,28,0.965517,96.59
42,30,17,0.586207,59.03
42,31,6,0.206897,21.48
42,32,6,0.206897,21.48
42,33,12,0.413793,41.97
42,34,27,0.931034,93.17
42,35,8,0.275862,28.31
42,36,11,0.379310,38.55
42,37,12,0.413793,41.97
42,38,11,0.379310,38.55
42,39,9,0.310345,31.72
42,40,17,0.586207,59.03
42,41,14,0.482759,48.79
42,42,19,0.655172,65.86
42,43,9,0.310345,31.72
42,44,22,0.758621,76.10
42,45,3,0.103448,11.24
42,46,18,0.620690,62.45
42,47,17,0.586207,59.03
42,48,19,0.655172,65.86
42,49,22,0.758621,76.10
42,50,25,0.862069,86.34
42,51,11,0.379310,38.55
42,52,21,0.724138,72.69
42,53,3,0.103448,11.24
42,54,22,0.758621,76.10
42,55,14,0.482759,48.79
42,56,26,0.896552,89.76
42,57,21,0.724138,72.69
42,58,1,0.034483,4.41
42,59,9,0.310345,31.72
42,60,2,0.068966,7.83
42,61,24,0.827586,82.93
42,62,9,0.310345,31.72
42,63,14,0.482759,48.79
43,0,6,0.206897,21.48
43,1,13,0.448276,45.38
43,2,29,1.000000,100.00
43,3,4,0.137931,14.66
43,4,11,0.379310,38.55
43,5,11,0.379310,38.55
43,6,28,0.965517,96.59
43,7,12,0.413793,41.97
43,8,19,0.655172,65.86
43,9,25,0.862069,86.34
43,10,6,0.206897,21.48
43,11,22,0.758621,76.10
43,12,24,0.827586,82.93
43,13,16,0.551724,55.62
43,14,15,0.517241,52.21
43,15,13,0.448276,45.38
43,16,15,0.517241,52.21
43,17,19,0.655172,65.86
43,18,28,0.965517,96.59
43,19,16,0.551724,55.62
43,20,25,0.862069,86.34
43,21,13,0.448276,45.38
43,22,14,0.482759,48.79
43,23,3,0.103448,11.24
43,24,6,0.206897,21.48
43,25,12,0.413793,41.97
43,26,6,0.206897,21.48
43,27,8,0.275862,28.31
43,28,19,0.655172,65.86
43,29,10,0.344828,35.14
43,30,8,0.275862,28.31
43,31,22,0.758621,76.10
43,32,19,0.655172,65.86
43,33,25,0.862069,86.34
43,34,26,0.896552,89.76
43,35,25,0.862069,86.34
43,36,13,0.448276,45.38
43,37,22,0.758621,76.10
43,38,22,0.758621,76.10
43,39,8,0.275862,28.31
43,40,9,0.310345,31.72
43,41,0,0.000000,1.00
43,42,8,0.275862,28.31
43,43,20,0.689655,69.28
43,44,3,0.103448,11.24
43,45,9,0.310345,31.72
43,46,6,0.206897,21.48
43,47,10,0.344828,35.14
43,48,8,0.275862,28.31
43,49,12,0.413793,41.97
43,50,17,0.586207,59.03
43,51,9,0.310345,31.72
43,52,20,0.689655,69.28
43,53,20,0.689655,69.28
43,54,3,0.103448,11.24
43,55,24,0.827586,82.93
43,56,27,0.931034,93.17
43,57,19,0.655172,65.86
43,58,14,0.482759,48.79
43,59,21,0.724138,72.69
43,60,23,0.793103,79.52
43,61,17,0.586207,59.03
43,62,13,0.448276,45.38
43,63,16,0.551724,55.62
44,0,18,0.620690,62.45
44,1,5,0.172414,18.07
44,2,28,0.965517,96.59
44,3,25,0.862069,86.34
44,4,2,0.068966,7.83
44,5,24,0.827586,82.93
44,6,29,1.000000,100.00
44,7,21,0.724138,72.69
44,8,10,0.344828,35.14
44,9,27,0.931034,93.17
44,10,5,0.172414,18.07
44,11,13,0.448276,45.38
44,12,9,0.310345,31.72
44,13,19,0.655172,65.86
44,14,2,0.068966,7.83
44,15,11,0.379310,38.55
44,16,20,0.689655,69.28
44,17,9,0.310345,31.72
44,18,9,0.310345,31.72
44,19,25,0.862069,86.34
44,20,18,0.620690,62.45
44,21,7,0.241379,24.90
44,22,5,0.172414,18.07
44,23,16,0.551724,55.62
44,24,20,0.689655,69.28
44,25,0,0.000000,1.00
44,26,15,0.517241,52.21
44,27,10,0.344828,35.14
44,28,2,0.068966,7.83
44,29,3,0.103448,11.24
44,30,3,0.103448,11.24
44,31,19,0.655172,65.86
44,32,18,0.620690,62.45
44,33,22,0.758621,76.10
44,34,16,0.551724,55.62
44,35,4,0.137931,14.66
44,36,22,0.758621,76.10
44,37,28,0.965517,96.59
44,38,29,1.000000,100.00
44,39,27,0.931034,93.17
44,40,5,0.172414,18.07
44,41,27,0.931034,93.17
44,42,27,0.931034,93.17
44,43,18,0.620690,62.45
44,44,12,0.413793,41.97
44,45,2,0.068966,7.83
44,46,17,0.586207,59.03
44,47,12,0.413793,41.97
44,48,21,0.724138,72.69
44,49,3,0.103448,11.24
44,50,12,0.413793,41.97
44,51,20,0.689655,69.28
44,52,10,0.344828,35.14
44,53,17,0.586207,59.03
44,54,20,0.689655,69.28
44,55,17,0.586207,59.03
44,56,14,0.482759,48.79
44,57,28,0.965517,96.59
44,58,1,0.034483,4.41
44,59,26,0.896552,89.76
44,60,20,0.689655,69.28
44,61,8,0.275862,28.31
44,62,5,0.172414,18.07
44,63,19,0.655172,65.86
45,0,9,0.310345,31.72
45,1,5,0.172414,18.07
45,2,16,0.551724,55.62
45,3,19,0.655172,65.86
45,4,12,0.413793,41.97
45,5,7,0.241379,24.90
45,6,12,0.413793,41.97
45,7,11,0.379310,38.55
45,8,18,0.620690,62.45
45,9,6,0.206897,21.48
45,10,18,0.620690,62.45
45,11,27,0.931034,93.17
45,12,0,0.000000,1.00
45,13,29,1.000000,100.00
45,14,12,0.413793,41.97
45,15,25,0.862069,86.34
45,16,28,0.965517,96.59
45,17,21,0.724138,72.69
45,18,8,0.275862,28.31
45,19,4,0.137931,14.66
45,20,1,0.034483,4.41
45,21,21,0.724138,72.69
45,22,15,0.517241,52.21
45,23,10,0.344828,35.14
45,24,26,0.896552,89.76
45,25,4,0.137931,14.66
45,26,7,0.241379,24.90
45,27,18,0.620690,62.45
45,28,1,0.034483,4.41
45,29,3,0.103448,11.24
45,30,7,0.241379,24.90
45,31,13,0.448276,45.38
45,32,19,0.655172,65.86
45,33,13,0.448276,45.38
45,34,1,0.034483,4.41
45,35,23,0.793103,79.52
45,36,9,0.310345,31.72
45,37,25,0.862069,86.34
45,38,25,0.862069,86.34
45,39,6,0.206897,21.48
45,40,18,0.620690,62.45
45,41,19,0.655172,65.86
45,42,8,0.275862,28.31
45,43,6,0.206897,21.48
45,44,11,0.379310,38.55
45,45,4,0.137931,14.66
45,46,12,0.413793,41.97
45,47,13,0.448276,45.38
45,48,19,0.655172,65.86
45,49,17,0.586207,59.03
45,50,28,0.965517,96.59
45,51,24,0.827586,82.93
45,52,5,0.172414,18.07
45,53,28,0.965517,96.59
45,54,22,0.758621,76.10
45,55,7,0.241379,24.90
45,56,10,0.344828,35.14
45,57,11,0.379310,38.55
45,58,28,0.965517,96.59
45,59,8,0.275862,28.31
45,60,24,0.827586,82.93
45,61,26,0.896552,89.76
45,62,6,0.206897,21.48
45,63,27,0.931034,93.17
46,0,5,0.172414,18.07
46,1,17,0.586207,59.03
46,2,1,0.034483,4.41
46,3,23,0.793103,79.52
46,4,23,0.793103,79.52
46,5,2,0.068966,7.83
46,6,19,0.655172,65.86
46,7,17,0.586207,59.03
46,8,8,0.275862,28.31
46,9,8,0.275862,28.31
46,10,6,0.206897,21.48
46,11,12,0.413793,41.97
46,12,15,0.517241,52.21
46,13,22,0.758621,76.10
46,14,7,0.241379,24.90
46,15,5,0.172414,18.07
46,16,29,1.000000,100.00
46,17,25,0.862069,86.34
46,18,24,0.827586,82.93
46,19,16,0.551724,55.62
46,20,24,0.827586,82.93
46,21,24,0.827586,82.93
46,22,13,0.448276,45.38
46,23,12,0.413793,41.97
46,24,0,0.000000,1.00
46,25,14,0.482759,48.79
46,26,7,0.241379,24.90
46,27,13,0.448276,45.38
46,28,6,0.206897,21.48
46,29,2,0.068966,7.83
46,30,16,0.551724,55.62
46,31,2,0.068966,7.83
46,32,1,0.034483,4.41
46,33,1,0.034483,4.41
46,34,8,0.275862,28.31
46,35,11,0.379310,38.55
46,36,8,0.275862,28.31
46,37,29,1.000000,100.00
46,38,13,0.448276,45.38
46,39,25,0.862069,86.34
46,40,4,0.137931,14.66
46,41,8,0.275862,28.31
46,42,17,0.586207,59.03
46,43,18,0.620690,62.45
46,44,28,0.965517,96.59
46,45,21,0.724138,72.69
46,46,20,0.689655,69.28
46,47,16,0.551724,55.62
46,48,5,0.172414,18.07
46,49,22,0.758621,76.10
46,50,6,0.206897,21.48
46,51,24,0.827586,82.93
46,52,22,0.758621,76.10
46,53,5,0.172414,18.07
46,54,27,0.931034,93.17
46,55,9,0.310345,31.72
46,56,27,0.931034,93.17
46,57,27,0.931034,93.17
46,58,22,0.758621,76.10
46,59,18,0.620690,62.45
46,60,3,0.103448,11.24
46,61,28,0.965517,96.59
46,62,18,0.620690,62.45
46,63,21,0.724138,72.69
47,0,13,0.448276,45.38
47,1,11,0.379310,38.55
47,2,24,0.827586,82.93
47,3,8,0.275862,28.31
47,4,13,0.448276,45.38
47,5,15,0.517241,52.21
47,6,5,0.172414,18.07
47,7,23,0.793103,79.52
47,8,25,0.862069,86.34
47,9,10,0.344828,35.14
47,10,16,0.551724,55.62
47,11,10,0.344828,35.14
47,12,6,0.206897,21.48
47,13,21,0.724138,72.69
47,14,14,0.482759,48.79
47,15,27,0.931034,93.17
47,16,24,0.827586,82.93
47,17,24,0.827586,82.93
47,18,16,0.551724,55.62
47,19,12,0.413793,41.97
47,20,26,0.896552,89.76
47,21,2,0.068966,7.83
47,22,16,0.551724,55.62
47,23,21,0.724138,72.69
47,24,24,0.827586,82.93
47,25,26,0.896552,89.76
47,26,20,0.689655,69.28
47,27,11,0.379310,38.55
47,28,7,0.241379,24.90
47,29,18,0.620690,62.45
47,30,20,0.689655,69.28
47,31,9,0.310345,31.72
47,32,19,0.655172,65.86
47,33,26,0.896552,89.76
47,34,16,0.551724,55.62
47,35,6,0.206897,21.48
47,36,28,0.965517,96.59
47,37,14,0.482759,48.79
47,38,22,0.758621,76.10
47,39,6,0.206897,21.48
47,40,21,0.724138,72.69
47,41,27,0.931034,93.17
47,42,0,0.000000,1.00
47,43,26,0.896552,89.76
47,44,7,0.241379,24.90
47,45,2,0.068966,7.83
47,46,14,0.482759,48.79
47,47,17,0.586207,59.03
47,48,6,0.206897,21.48
47,49,4,0.137931,14.66
47,50,4,0.137931,14.66
47,51,12,0.413793,41.97
47,52,25,0.862069,86.34
47,53,28,0.965517,96.59
47,54,27,0.931034,93.17
47,55,4,0.137931,14.66
47,56,19,0.655172,65.86
47,57,26,0.896552,89.76
47,58,8,0.275862,28.31
47,59,15,0.517241,52.21
47,60,8,0.275862,28.31
47,61,20,0.689655,69.28
47,62,4,0.137931,14.66
47,63,25,0.862069,86.34
48,0,8,0.275862,28.31
48,1,22,0.758621,76.10
48,2,20,0.689655,69.28
48,3,24,0.827586,82.93
48,4,21,0.724138,72.69
48,5,11,0.379310,38.55
48,6,16,0.551724,55.62
48,7,10,0.344828,35.14
48,8,9,0.310345,31.72
48,9,16,0.551724,55.62
48,10,10,0.344828,35.14
48,11,28,0.965517,96.59
48,12,5,0.172414,18.07
48,13,28,0.965517,96.59
48,14,18,0.620690,62.45
48,15,22,0.758621,76.10
48,16,25,0.862069,86.34
48,17,29,1.000000,100.00
48,18,10,0.344828,35.14
48,19,6,0.206897,21.48
48,20,7,0.241379,24.90
48,21,0,0.000000,1.00
48,22,24,0.827586,82.93
48,23,6,0.206897,21.48
48,24,18,0.620690,62.45
48,25,21,0.724138,72.69
48,26,8,0.275862,28.31
48,27,25,0.862069,86.34
48,28,6,0.206897,21.48
48,29,17,0.586207,59.03
48,30,19,0.655172,65.86
48,31,6,0.206897,21.48
48,32,8,0.275862,28.31
48,33,28,0.965517,96.59
48,34,24,0.827586,82.93
48,35,20,0.689655,69.28
48,36,27,0.931034,93.17
48,37,11,0.379310,38.55
48,38,17,0.586207,59.03
48,39,29,1.000000,100.00
48,40,27,0.931034,93.17
48,41,2,0.068966,7.83
48,42,24,0.827586,82.93
48,43,6,0.206897,21.48
48,44,23,0.793103,79.52
48,45,29,1.000000,100.00
48,46,2,0.068966,7.83
48,47,21,0.724138,72.69
48,48,7,0.241379,24.90
48,49,25,0.862069,86.34
48,50,9,0.310345,31.72
48,51,16,0.551724,55.62
48,52,6,0.206897,21.48
48,53,6,0.206897,21.48
48,54,21,0.724138,72.69
48,55,21,0.724138,72.69
48,56,27,0.931034,93.17
48,57,19,0.655172,65.86
48,58,28,0.965517,96.59
48,59,2,0.068966,7.83
48,60,2,0.068966,7.83
48,61,11,0.379310,38.55
48,62,14,0.482759,48.79
48,63,6,0.206897,21.48
49,0,20,0.689655,69.28
49,1,18,0.620690,62.45
49,2,2,0.068966,7.83
49,3,8,0.275862,28.31
49,4,12,0.413793,41.97
49,5,2,0.068966,7.83
49,6,24,0.827586,82.93
49,7,2,0.068966,7.83
49,8,18,0.620690,62.45
49,9,19,0.655172,65.86
49,10,1,0.034483,4.41
49,11,28,0.965517,96.59
49,12,27,0.931034,93.17
49,13,24,0.827586,82.93
49,14,25,0.862069,86.34
49,15,17,0.586207,59.03
49,16,8,0.275862,28.31
49,17,20,0.689655,69.28
49,18,3,0.103448,11.24
49,19,11,0.379310,38.55
49,20,1,0.034483,4.41
49,21,2,0.068966,7.83
49,22,10,0.344828,35.14
49,23,14,0.482759,48.79
49,24,21,0.724138,72.69
49,25,26,0.896552,89.76
49,26,6,0.206897,21.48
49,27,18,0.620690,62.45
49,28,5,0.172414,18.07
49,29,12,0.413793,41.97
49,30,0,0.000000,1.00
49,31,14,0.482759,48.79
49,32,22,0.758621,76.10
49,33,9,0.310345,31.72
49,34,9,0.310345,31.72
49,35,29,1.000000,100.00
49,36,10,0.344828,35.14
49,37,11,0.379310,38.55
49,38,19,0.655172,65.86
49,39,4,0.137931,14.66
49,40,0,0.000000,1.00
49,41,23,0.793103,79.52
49,42,4,0.137931,14.66
49,43,0,0.000000,1.00
49,44,19,0.655172,65.86
49,45,0,0.000000,1.00
49,46,18,0.620690,62.45
49,47,4,0.137931,14.66
49,48,26,0.896552,89.76
49,49,7,0.241379,24.90
49,50,18,0.620690,62.45
49,51,7,0.241379,24.90
49,52,2,0.068966,7.83
49,53,22,0.758621,76.10
49,54,13,0.448276,45.38
49,55,13,0.448276,45.38
49,56,21,0.724138,72.69
49,57,6,0.206897,21.48
49,58,6,0.206897,21.48
49,59,28,0.965517,96.59
49,60,5,0.172414,18.07
49,61,10,0.344828,35.14
49,62,11,0.379310,38.55
49,63,7,0.241379,24.90
50,0,3,0.103448,11.24
50,1,12,0.413793,41.97
50,2,22,0.758621,76.10
50,3,11,0.379310,38.55
50,4,18,0.620690,62.45
50,5,4,0.137931,14.66
50,6,24,0.827586,82.93
50,7,1,0.034483,4.41
50,8,16,0.551724,55.62
50,9,29,1.000000,100.00
50,10,21,0.724138,72.69
50,11,19,0.655172,65.86
50,12,13,0.448276,45.38
50,13,13,0.448276,45.38
50,14,29,1.000000,100.00
50,15,19,0.655172,65.86
50,16,27,0.931034,93.17
50,17,15,0.517241,52.21
50,18,16,0.551724,55.62
50,19,15,0.517241,52.21
50,20,14,0.482759,48.79
50,21,14,0.482759,48.79
50,22,3,0.103448,11.24
50,23,1,0.034483,4.41
50,24,3,0.103448,11.24
50,25,16,0.551724,55.62
50,26,29,1.000000,100.00
50,27,21,0.724138,72.69
50,28,15,0.517241,52.21
50,29,27,0.931034,93.17
50,30,7,0.241379,24.90
50,31,21,0.724138,72.69
50,32,0,0.000000,1.00
50,33,20,0.689655,69.28
50,34,19,0.655172,65.86
50,35,11,0.379310,38.55
50,36,4,0.137931,14.66
50,37,16,0.551724,55.62
50,38,27,0.931034,93.17
50,39,22,0.758621,76.10
50,40,5,0.172414,18.07
50,41,11,0.379310,38.55
50,42,2,0.068966,7.83
50,43,18,0.620690,62.45
50,44,29,1.000000,100.00
50,45,3,0.103448,11.24
50,46,11,0.379310,38.55
50,47,5,0.172414,18.07
50,48,22,0.758621,76.10
50,49,14,0.482759,48.79
50,50,3,0.103448,11.24
50,51,5,0.172414,18.07
50,52,9,0.310345,31.72
50,53,0,0.000000,1.00
50,54,17,0.586207,59.03
50,55,23,0.793103,79.52
50,56,25,0.862069,86.34
50,57,26,0.896552,89.76
50,58,14,0.482759,48.79
50,59,2,0.068966,7.83
50,60,3,0.103448,11.24
50,61,27,0.931034,93.17
50,62,27,0.931034,93.17
50,63,11,0.379310,38.55
51,0,18,0.620690,62.45
51,1,17,0.586207,59.03
51,2,9,0.310345,31.72
51,3,2,0.068966,7.83
51,4,0,0.000000,1.00
51,5,11,0.379310,38.55
51,6,28,0.965517,96.59
51,7,12,0.413793,41.97
51,8,9,0.310345,31.72
51,9,25,0.862069,86.34
51,10,28,0.965517,96.59
51,11,11,0.379310,38.55
51,12,26,0.896552,89.76
51,13,5,0.172414,18.07
51,14,23,0.793103,79.52
51,15,20,0.689655,69.28
51,16,29,1.000000,100.00
51,17,4,0.137931,14.66
51,18,9,0.310345,31.72
51,19,2,0.068966,7.83
51,20,27,0.931034,93.17
51,21,4,0.137931,14.66
51,22,29,1.000000,100.00
51,23,10,0.344828,35.14
51,24,14,0.482759,48.79
51,25,14,0.482759,48.79
51,26,24,0.827586,82.93
51,27,3,0.103448,11.24
51,28,25,0.862069,86.34
51,29,2,0.068966,7.83
51,30,23,0.793103,79.52
51,31,18,0.620690,62.45
51,32,26,0.896552,89.76
51,33,20,0.689655,69.28
51,34,21,0.724138,72.69
51,35,26,0.896552,89.76
51,36,0,0.000000,1.00
51,37,15,0.517241,52.21
51,38,10,0.344828,35.14
51,39,29,1.000000,100.00
51,40,28,0.965517,96.59
51,41,29,1.000000,100.00
51,42,7,0.241379,24.90
51,43,28,0.965517,96.59
51,44,5,0.172414,18.07
51,45,0,0.000000,1.00
51,46,5,0.172414,18.07
51,47,26,0.896552,89.76
51,48,22,0.758621,76.10
51,49,13,0.448276,45.38
51,50,11,0.379310,38.55
51,51,5,0.172414,18.07
51,52,19,0.655172,65.86
51,53,13,0.448276,45.38
51,54,19,0.655172,65.86
51,55,11,0.379310,38.55
51,56,16,0.551724,55.62
51,57,8,0.275862,28.31
51,58,22,0.758621,76.10
51,59,11,0.379310,38.55
51,60,28,0.965517,96.59
51,61,1,0.034483,4.41
51,62,16,0.551724,55.62
51,63,28,0.965517,96.59
52,0,26,0.896552,89.76
52,1,6,0.206897,21.48
52,2,13,0.448276,45.38
52,3,27,0.931034,93.17
52,4,12,0.413793,41.97
52,5,28,0.965517,96.59
52,6,1,0.034483,4.41
52,7,17,0.586207,59.03
52,8,25,0.862069,86.34
52,9,12,0.413793,41.97
52,10,27,0.931034,93.17
52,11,0,0.000000,1.00
52,12,16,0.551724,55.62
52,13,12,0.413793,41.97
52,14,8,0.275862,28.31
52,15,10,0.344828,35.14
52,16,0,0.000000,1.00
52,17,11,0.379310,38.55
52,18,27,0.931034,93.17
52,19,5,0.172414,18.07
52,20,11,0.379310,38.55
52,21,5,0.172414,18.07
52,22,22,0.758621,76.10
52,23,15,0.517241,52.21
52,24,25,0.862069,86.34
52,25,24,0.827586,82.93
52,26,8,0.275862,28.31
52,27,12,0.413793,41.97
52,28,1,0.034483,4.41
52,29,12,0.413793,41.97
52,30,24,0.827586,82.93
52,31,1,0.034483,4.41
52,32,1,0.034483,4.41
52,33,8,0.275862,28.31
52,34,5,0.172414,18.07
52,35,5,0.172414,18.07
52,36,9,0.310345,31.72
52,37,25,0.862069,86.34
52,38,24,0.827586,82.93
52,39,18,0.620690,62.45
52,40,20,0.689655,69.28
52,41,4,0.137931,14.66
52,42,6,0.206897,21.48
52,43,28,0.965517,96.59
52,44,1,0.034483,4.41
52,45,8,0.275862,28.31
52,46,13,0.448276,45.38
52,47,15,0.517241,52.21
52,48,23,0.793103,79.52
52,49,25,0.862069,86.34
52,50,8,0.275862,28.31
52,51,14,0.482759,48.79
52,52,3,0.103448,11.24
52,53,26,0.896552,89.76
52,54,1,0.034483,4.41
52,55,19,0.655172,65.86
52,56,12,0.413793,41.97
52,57,22,0.758621,76.10
52,58,28,0.965517,96.59
52,59,15,0.517241,52.21
52,60,14,0.482759,48.79
52,61,28,0.965517,96.59
52,62,4,0.137931,14.66
52,63,24,0.827586,82.93
53,0,20,0.689655,69.28
53,1,25,0.862069,86.34
53,2,5,0.172414,18.07
53,3,1,0.034483,4.41
53,4,2,0.068966,7.83
53,5,25,0.862069,86.34
53,6,12,0.413793,41.97
53,7,11,0.379310,38.55
53,8,27,0.931034,93.17
53,9,9,0.310345,31.72
53,10,1,0.034483,4.41
53,11,27,0.931034,93.17
53,12,24,0.827586,82.93
53,13,23,0.793103,79.52
53,14,23,0.793103,79.52
53,15,19,0.655172,65.86
53,16,10,0.344828,35.14
53,17,18,0.620690,62.45
53,18,22,0.758621,76.10
53,19,13,0.448276,45.38
53,20,14,0.482759,48.79
53,21,2,0.068966,7.83
53,22,5,0.172414,18.07
53,23,24,0.827586,82.93
53,24,4,0.137931,14.66
53,25,6,0.206897,21.48
53,26,11,0.379310,38.55
53,27,29,1.000000,100.00
53,28,23,0.793103,79.52
53,29,25,0.862069,86.34
53,30,13,0.448276,45.38
53,31,18,0.620690,62.45
53,32,12,0.413793,41.97
53,33,3,0.103448,11.24
53,34,5,0.172414,18.07
53,35,1,0.034483,4.41
53,36,22,0.758621,76.10
53,37,23,0.793103,79.52
53,38,4,0.137931,14.66
53,39,22,0.758621,76.10
53,40,25,0.862069,86.34
53,41,19,0.655172,65.86
53,42,19,0.655172,65.86
53,43,17,0.586207,59.03
53,44,24,0.827586,82.93
53,45,20,0.689655,69.28
53,46,21,0.724138,72.69
53,47,2,0.068966,7.83
53,48,20,0.689655,69.28
53,49,9,0.310345,31.72
53,50,23,0.793103,79.52
53,51,14,0.482759,48.79
53,52,29,1.000000,100.00
53,53,26,0.896552,89.76
53,54,15,0.517241,52.21
53,55,18,0.620690,62.45
53,56,20,0.689655,69.28
53,57,25,0.862069,86.34
53,58,11,0.379310,38.55
53,59,8,0.275862,28.31
53,60,26,0.896552,89.76
53,61,18,0.620690,62.45
53,62,10,0.344828,35.14
53,63,23,0.793103,79.52
54,0,25,0.862069,86.34
54,1,14,0.482759,48.79
54,2,19,0.655172,65.86
54,3,3,0.103448,11.24
54,4,17,0.586207,59.03
54,5,9,0.310345,31.72
54,6,29,1.000000,100.00
54,7,8,0.275862,28.31
54,8,22,0.758621,76.10
54,9,13,0.448276,45.38
54,10,7,0.241379,24.90
54,11,8,0.275862,28.31
54,12,17,0.586207,59.03
54,13,10,0.344828,35.14
54,14,11,0.379310,38.55
54,15,6,0.206897,21.48
54,16,25,0.862069,86.34
54,17,9,0.310345,31.72
54,18,1,0.034483,4.41
54,19,27,0.931034,93.17
54,20,11,0.379310,38.55
54,21,11,0.379310,38.55
54,22,29,1.000000,100.00
54,23,22,0.758621,76.10
54,24,22,0.758621,76.10
54,25,25,0.862069,86.34
54,26,26,0.896552,89.76
54,27,19,0.655172,65.86
54,28,21,0.724138,72.69
54,29,0,0.000000,1.00
54,30,27,0.931034,93.17
54,31,19,0.655172,65.86
54,32,5,0.172414,18.07
54,33,11,0.379310,38.55
54,34,9,0.310345,31.72
54,35,27,0.931034,93.17
54,36,26,0.896552,89.76
54,37,21,0.724138,72.69
54,38,14,0.482759,48.79
54,39,8,0.275862,28.31
54,40,1,0.034483,4.41
54,41,11,0.379310,38.55
54,42,20,0.689655,69.28
54,43,1,0.034483,4.41
54,44,23,0.793103,79.52
54,45,23,0.793103,79.52
54,46,0,0.000000,1.00
54,47,2,0.068966,7.83
54,48,20,0.689655,69.28
54,49,21,0.724138,72.69
54,50,7,0.241379,24.90
54,51,15,0.517241,52.21
54,52,15,0.517241,52.21
54,53,8,0.275862,28.31
54,54,28,0.965517,96.59
54,55,6,0.206897,21.48
54,56,26,0.896552,89.76
54,57,9,0.310345,31.72
54,58,22,0.758621,76.10
54,59,20,0.689655,69.28
54,60,11,0.379310,38.55
54,61,28,0.965517,96.59
54,62,26,0.896552,89.76
54,63,17,0.586207,59.03
55,0,8,0.275862,28.31
55,1,6,0.206897,21.48
55,2,29,1.000000,100.00
55,3,22,0.758621,76.10
55,4,25,0.862069,86.34
55,5,24,0.827586,82.93
55,6,16,0.551724,55.62
55,7,22,0.758621,76.10
55,8,21,0.724138,72.69
55,9,17,0.586207,59.03
55,10,12,0.413793,41.97
55,11,0,0.000000,1.00
55,12,15,0.517241,52.21
55,13,17,0.586207,59.03
55,14,10,0.344828,35.14
55,15,1,0.034483,4.41
55,16,18,0.620690,62.45
55,17,11,0.379310,38.55
55,18,7,0.241379,24.90
55,19,26,0.896552,89.76
55,20,8,0.275862,28.31
55,21,10,0.344828,35.14
55,22,0,0.000000,1.00
55,23,3,0.103448,11.24
55,24,28,0.965517,96.59
55,25,29,1.000000,100.00
55,26,26,0.896552,89.76
55,27,27,0.931034,93.17
55,28,23,0.793103,79.52
55,29,0,0.000000,1.00
55,30,13,0.448276,45.38
55,31,23,0.793103,79.52
55,32,29,1.000000,100.00
55,33,20,0.689655,69.28
55,34,22,0.758621,76.10
55,35,27,0.931034,93.17
55,36,3,0.103448,11.24
55,37,16,0.551724,55.62
55,38,12,0.413793,41.97
55,39,6,0.206897,21.48
55,40,25,0.862069,86.34
55,41,13,0.448276,45.38
55,42,2,0.068966,7.83
55,43,11,0.379310,38.55
55,44,6,0.206897,21.48
55,45,17,0.586207,59.03
55,46,3,0.103448,11.24
55,47,29,1.000000,100.00
55,48,15,0.517241,52.21
55,49,12,0.413793,41.97
55,50,3,0.103448,11.24
55,51,24,0.827586,82.93
55,52,4,0.137931,14.66
55,53,0,0.000000,1.00
55,54,25,0.862069,86.34
55,55,19,0.655172,65.86
55,56,5,0.172414,18.07
55,57,28,0.965517,96.59
55,58,21,0.724138,72.69
55,59,5,0.172414,18.07
55,60,4,0.137931,14.66
55,61,19,0.655172,65.86
55,62,6,0.206897,21.48
55,63,22,0.758621,76.10
56,0,0,0.000000,1.00
56,1,17,0.586207,59.03
56,2,3,0.103448,11.24
56,3,25,0.862069,86.34
56,4,7,0.241379,24.90
56,5,8,0.275862,28.31
56,6,13,0.448276,45.38
56,7,24,0.827586,82.93
56,8,22,0.758621,76.10
56,9,4,0.137931,14.66
56,10,23,0.793103,79.52
56,11,8,0.275862,28.31
56,12,1,0.034483,4.41
56,13,12,0.413793,41.97
56,14,20,0.689655,69.28
56,15,15,0.517241,52.21
56,16,21,0.724138,72.69
56,17,15,0.517241,52.21
56,18,26,0.896552,89.76
56,19,6,0.206897,21.48
56,20,29,1.000000,100.00
56,21,29,1.000000,100.00
56,22,28,0.965517,96.59
56,23,16,0.551724,55.62
56,24,21,0.724138,72.69
56,25,20,0.689655,69.28
56,26,9,0.310345,31.72
56,27,29,1.000000,100.00
56,28,6,0.206897,21.48
56,29,12,0.413793,41.97
56,30,26,0.896552,89.76
56,31,9,0.310345,31.72
56,32,16,0.551724,55.62
56,33,15,0.517241,52.21
56,34,26,0.896552,89.76
56,35,8,0.275862,28.31
56,36,7,0.241379,24.90
56,37,21,0.724138,72.69
56,38,23,0.793103,79.52
56,39,22,0.758621,76.10
56,40,28,0.965517,96.59
56,41,15,0.517241,52.21
56,42,2,0.068966,7.83
56,43,5,0.172414,18.07
56,44,18,0.620690,62.45
56,45,11,0.379310,38.55
56,46,23,0.793103,79.52
56,47,6,0.206897,21.48
56,48,25,0.862069,86.34
56,49,17,0.586207,59.03
56,50,15,0.517241,52.21
56,51,14,0.482759,48.79
56,52,1,0.034483,4.41
56,53,5,0.172414,18.07
56,54,19,0.655172,65.86
56,55,0,0.000000,1.00
56,56,16,0.551724,55.62
56,57,6,0.206897,21.48
56,58,27,0.931034,93.17
56,59,11,0.379310,38.55
56,60,3,0.103448,11.24
56,61,9,0.310345,31.72
56,62,26,0.896552,89.76
56,63,7,0.241379,24.90
57,0,20,0.689655,69.28
57,1,24,0.827586,82.93
57,2,0,0.000000,1.00
57,3,7,0.241379,24.90
57,4,7,0.241379,24.90
57,5,11,0.379310,38.55
57,6,10,0.344828,35.14
57,7,7,0.241379,24.90
57,8,27,0.931034,93.17
57,9,20,0.689655,69.28
57,10,3,0.103448,11.24
57,11,13,0.448276,45.38
57,12,17,0.586207,59.03
57,13,19,0.655172,65.86
57,14,15,0.517241,52.21
57,15,0,0.000000,1.00
57,16,5,0.172414,18.07
57,17,15,0.517241,52.21
57,18,26,0.896552,89.76
57,19,17,0.586207,59.03
57,20,25,0.862069,86.34
57,21,25,0.862069,86.34
57,22,4,0.137931,14.66
57,23,2,0.068966,7.83
57,24,1,0.034483,4.41
57,25,24,0.827586,82.93
57,26,27,0.931034,93.17
57,27,4,0.137931,14.66
57,28,18,0.620690,62.45
57,29,0,0.000000,1.00
57,30,10,0.344828,35.14
57,31,22,0.758621,76.10
57,32,8,0.275862,28.31
57,33,18,0.620690,62.45
57,34,25,0.862069,86.34
57,35,12,0.413793,41.97
57,36,13,0.448276,45.38
57,37,19,0.655172,65.86
57,38,10,0.344828,35.14
57,39,1,0.034483,4.41
57,40,14,0.482759,48.79
57,41,18,0.620690,62.45
57,42,26,0.896552,89.76
57,43,3,0.103448,11.24
57,44,2,0.068966,7.83
57,45,25,0.862069,86.34
57,46,19,0.655172,65.86
57,47,26,0.896552,89.76
57,48,11,0.379310,38.55
57,49,12,0.413793,41.97
57,50,29,1.000000,100.00
57,51,8,0.275862,28.31
57,52,12,0.413793,41.97
57,53,19,0.655172,65.86
57,54,19,0.655172,65.86
57,55,27,0.931034,93.17
57,56,25,0.862069,86.34
57,57,12,0.413793,41.97
57,58,1,0.034483,4.41
57,59,28,0.965517,96.59
57,60,5,0.172414,18.07
57,61,23,0.793103,79.52
57,62,29,1.000000,100.00
57,63,10,0.344828,35.14
58,0,15,0.517241,52.21
58,1,10,0.344828,35.14
58,2,27,0.931034,93.17
58,3,13,0.448276,45.38
58,4,10,0.344828,35.14
58,5,12,0.413793,41.97
58,6,11,0.379310,38.55
58,7,13,0.448276,45.38
58,8,23,0.793103,79.52
58,9,23,0.793103,79.52
58,10,23,0.793103,79.52
58,11,16,0.551724,55.62
58,12,24,0.827586,82.93
58,13,0,0.000000,1.00
58,14,12,0.413793,41.97
58,15,27,0.931034,93.17
58,16,10,0.344828,35.14
58,17,28,0.965517,96.59
58,18,29,1.000000,100.00
58,19,4,0.137931,14.66
58,20,16,0.551724,55.62
58,21,11,0.379310,38.55
58,22,9,0.310345,31.72
58,23,5,0.172414,18.07
58,24,26,0.896552,89.76
58,25,17,0.586207,59.03
58,26,26,0.896552,89.76
58,27,10,0.344828,35.14
58,28,28,0.965517,96.59
58,29,27,0.931034,93.17
58,30,6,0.206897,21.48
58,31,13,0.448276,45.38
58,32,18,0.620690,62.45
58,33,2,0.068966,7.83
58,34,5,0.172414,18.07
58,35,0,0.000000,1.00
58,36,19,0.655172,65.86
58,37,24,0.827586,82.93
58,38,26,0.896552,89.76
58,39,11,0.379310,38.55
58,40,25,0.862069,86.34
58,41,26,0.896552,89.76
58,42,16,0.551724,55.62
58,43,2,0.068966,7.83
58,44,27,0.931034,93.17
58,45,27,0.931034,93.17
58,46,17,0.586207,59.03
58,47,10,0.344828,35.14
58,48,21,0.724138,72.69
58,49,5,0.172414,18.07
58,50,5,0.172414,18.07
58,51,22,0.758621,76.10
58,52,1,0.034483,4.41
58,53,28,0.965517,96.59
58,54,9,0.310345,31.72
58,55,29,1.000000,100.00
58,56,5,0.172414,18.07
58,57,23,0.793103,79.52
58,58,11,0.379310,38.55
58,59,20,0.689655,69.28
58,60,24,0.827586,82.93
58,61,25,0.862069,86.34
58,62,12,0.413793,41.97
58,63,26,0.896552,89.76
59,0,6,0.206897,21.48
59,1,4,0.137931,14.66
59,2,26,0.896552,89.76
59,3,14,0.482759,48.79
59,4,14,0.482759,48.79
59,5,3,0.103448,11.24
59,6,21,0.724138,72.69
59,7,13,0.448276,45.38
59,8,27,0.931034,93.17
59,9,25,0.862069,86.34
59,10,28,0.965517,96.59
59,11,23,0.793103,79.52
59,12,15,0.517241,52.21
59,13,29,1.000000,100.00
59,14,25,0.862069,86.34
59,15,21,0.724138,72.69
59,16,29,1.000000,100.00
59,17,0,0.000000,1.00
59,18,12,0.413793,41.97
59,19,1,0.034483,4.41
59,20,3,0.103448,11.24
59,21,19,0.655172,65.86
59,22,19,0.655172,65.86
59,23,4,0.137931,14.66
59,24,24,0.827586,82.93
59,25,27,0.931034,93.17
59,26,20,0.689655,69.28
59,27,3,0.103448,11.24
59,28,7,0.241379,24.90
59,29,1,0.034483,4.41
59,30,21,0.724138,72.69
59,31,23,0.793103,79.52
59,32,18,0.620690,62.45
59,33,5,0.172414,18.07
59,34,22,0.758621,76.10
59,35,19,0.655172,65.86
59,36,20,0.689655,69.28
59,37,28,0.965517,96.59
59,38,28,0.965517,96.59
59,39,5,0.172414,18.07
59,40,2,0.068966,7.83
59,41,5,0.172414,18.07
59,42,20,0.689655,69.28
59,43,4,0.137931,14.66
59,44,22,0.758621,76.10
59,45,1,0.034483,4.41
59,46,22,0.758621,76.10
59,47,27,0.931034,93.17
59,48,21,0.724138,72.69
59,49,28,0.965517,96.59
59,50,19,0.655172,65.86
59,51,12,0.413793,41.97
59,52,25,0.862069,86.34
59,53,0,0.000000,1.00
59,54,23,0.793103,79.52
59,55,17,0.586207,59.03
59,56,27,0.931034,93.17
59,57,9,0.310345,31.72
59,58,1,0.034483,4.41
59,59,6,0.206897,21.48
59,60,16,0.551724,55.62
59,61,1,0.034483,4.41
59,62,21,0.724138,72.69
59,63,13,0.448276,45.38
60,0,15,0.517241,52.21
60,1,23,0.793103,79.52
60,2,24,0.827586,82.93
60,3,10,0.344828,35.14
60,4,7,0.241379,24.90
60,5,22,0.758621,76.10
60,6,19,0.655172,65.86
60,7,19,0.655172,65.86
60,8,8,0.275862,28.31
60,9,6,0.206897,21.48
60,10,19,0.655172,65.86
60,11,26,0.896552,89.76
60,12,22,0.758621,76.10
60,13,8,0.275862,28.31
60,14,6,0.206897,21.48
60,15,8,0.275862,28.31
60,16,14,0.482759,48.79
60,17,18,0.620690,62.45
60,18,19,0.655172,65.86
60,19,4,0.137931,14.66
60,20,19,0.655172,65.86
60,21,25,0.862069,86.34
60,22,27,0.931034,93.17
60,23,21,0.724138,72.69
60,24,5,0.172414,18.07
60,25,10,0.344828,35.14
60,26,22,0.758621,76.10
60,27,21,0.724138,72.69
60,28,3,0.103448,11.24
60,29,21,0.724138,72.69
60,30,3,0.103448,11.24
60,31,17,0.586207,59.03
60,32,17,0.586207,59.03
60,33,26,0.896552,89.76
60,34,20,0.689655,69.28
60,35,28,0.965517,96.59
60,36,16,0.551724,55.62
60,37,1,0.034483,4.41
60,38,5,0.172414,18.07
60,39,0,0.000000,1.00
60,40,9,0.310345,31.72
60,41,1,0.034483,4.41
60,42,15,0.517241,52.21
60,43,6,0.206897,21.48
60,44,12,0.413793,41.97
60,45,13,0.448276,45.38
60,46,9,0.310345,31.72
60,47,14,0.482759,48.79
60,48,2,0.068966,7.83
60,49,6,0.206897,21.48
60,50,25,0.862069,86.34
60,51,14,0.482759,48.79
60,52,12,0.413793,41.97
60,53,22,0.758621,76.10
60,54,22,0.758621,76.10
60,55,8,0.275862,28.31
60,56,0,0.000000,1.00
60,57,28,0.965517,96.59
60,58,18,0.620690,62.45
60,59,17,0.586207,59.03
60,60,26,0.896552,89.76
60,61,15,0.517241,52.21
60,62,13,0.448276,45.38
60,63,10,0.344828,35.14
61,0,11,0.379310,38.55
61,1,9,0.310345,31.72
61,2,23,0.793103,79.52
61,3,7,0.241379,24.90
61,4,24,0.827586,82.93
61,5,24,0.827586,82.93
61,6,4,0.137931,14.66
61,7,9,0.310345,31.72
61,8,7,0.241379,24.90
61,9,29,1.000000,100.00
61,10,16,0.551724,55.62
61,11,2,0.068966,7.83
61,12,3,0.103448,11.24
61,13,9,0.310345,31.72
61,14,9,0.310345,31.72
61,15,1,0.034483,4.41
61,16,18,0.620690,62.45
61,17,17,0.586207,59.03
61,18,2,0.068966,7.83
61,19,4,0.137931,14.66
61,20,25,0.862069,86.34
61,21,21,0.724138,72.69
61,22,1,0.034483,4.41
61,23,24,0.827586,82.93
61,24,17,0.586207,59.03
61,25,7,0.241379,24.90
61,26,24,0.827586,82.93
61,27,0,0.000000,1.00
61,28,29,1.000000,100.00
61,29,1,0.034483,4.41
61,30,12,0.413793,41.97
61,31,26,0.896552,89.76
61,32,13,0.448276,45.38
61,33,23,0.793103,79.52
61,34,14,0.482759,48.79
61,35,17,0.586207,59.03
61,36,4,0.137931,14.66
61,37,7,0.241379,24.90
61,38,2,0.068966,7.83
61,39,20,0.689655,69.28
61,40,11,0.379310,38.55
61,41,6,0.206897,21.48
61,42,17,0.586207,59.03
61,43,5,0.172414,18.07
61,44,6,0.206897,21.48
61,45,18,0.620690,62.45
61,46,8,0.275862,28.31
61,47,14,0.482759,48.79
61,48,17,0.586207,59.03
61,49,27,0.931034,93.17
61,50,6,0.206897,21.48
61,51,5,0.172414,18.07
61,52,0,0.000000,1.00
61,53,0,0.000000,1.00
61,54,19,0.655172,65.86
61,55,23,0.793103,79.52
61,56,16,0.551724,55.62
61,57,0,0.000000,1.00
61,58,11,0.379310,38.55
61,59,26,0.896552,89.76
61,60,17,0.586207,59.03
61,61,8,0.275862,28.31
61,62,17,0.586207,59.03
61,63,19,0.655172,65.86
62,0,5,0.172414,18.07
62,1,3,0.103448,11.24
62,2,24,0.827586,82.93
62,3,0,0.000000,1.00
62,4,23,0.793103,79.52
62,5,1,0.034483,4.41
62,6,11,0.379310,38.55
62,7,1,0.034483,4.41
62,8,11,0.379310,38.55
62,9,25,0.862069,86.34
62,10,5,0.172414,18.07
62,11,6,0.206897,21.48
62,12,10,0.344828,35.14
62,13,28,0.965517,96.59
62,14,3,0.103448,11.24
62,15,8,0.275862,28.31
62,16,8,0.275862,28.31
62,17,5,0.172414,18.07
62,18,29,1.000000,100.00
62,19,28,0.965517,96.59
62,20,18,0.620690,62.45
62,21,13,0.448276,45.38
62,22,23,0.793103,79.52
62,23,20,0.689655,69.28
62,24,8,0.275862,28.31
62,25,15,0.517241,52.21
62,26,9,0.310345,31.72
62,27,24,0.827586,82.93
62,28,4,0.137931,14.66
62,29,10,0.344828,35.14
62,30,16,0.551724,55.62
62,31,18,0.620690,62.45
62,32,13,0.448276,45.38
62,33,20,0.689655,69.28
62,34,24,0.827586,82.93
62,35,22,0.758621,76.10
62,36,28,0.965517,96.59
62,37,16,0.551724,55.62
62,38,29,1.000000,100.00
62,39,7,0.241379,24.90
62,40,7,0.241379,24.90
62,41,18,0.620690,62.45
62,42,17,0.586207,59.03
62,43,4,0.137931,14.66
62,44,0,0.000000,1.00
62,45,2,0.068966,7.83
62,46,19,0.655172,65.86
62,47,3,0.103448,11.24
62,48,22,0.758621,76.10
62,49,13,0.448276,45.38
62,50,25,0.862069,86.34
62,51,17,0.586207,59.03
62,52,6,0.206897,21.48
62,53,8,0.275862,28.31
62,54,29,1.000000,100.00
62,55,13,0.448276,45.38
62,56,11,0.379310,38.55
62,57,16,0.551724,55.62
62,58,23,0.793103,79.52
62,59,20,0.689655,69.28
62,60,5,0.172414,18.07
62,61,15,0.517241,52.21
62,62,10,0.344828,35.14
62,63,25,0.862069,86.34
63,0,5,0.172414,18.07
63,1,16,0.551724,55.62
63,2,13,0.448276,45.38
63,3,8,0.275862,28.31
63,4,15,0.517241,52.21
63,5,15,0.517241,52.21
63,6,10,0.344828,35.14
63,7,24,0.827586,82.93
63,8,15,0.517241,52.21
63,9,11,0.379310,38.55
63,10,22,0.758621,76.10
63,11,1,0.034483,4.41
63,12,1,0.034483,4.41
63,13,26,0.896552,89.76
63,14,22,0.758621,76.10
63,15,17,0.586207,59.03
63,16,18,0.620690,62.45
63,17,6,0.206897,21.48
63,18,10,0.344828,35.14
63,19,27,0.931034,93.17
63,20,7,0.241379,24.90
63,21,26,0.896552,89.76
63,22,19,0.655172,65.86
63,23,10,0.344828,35.14
63,24,9,0.310345,31.72
63,25,17,0.586207,59.03
63,26,10,0.344828,35.14
63,27,10,0.344828,35.14
63,28,13,0.448276,45.38
63,29,1,0.034483,4.41
63,30,3,0.103448,11.24
63,31,19,0.655172,65.86
63,32,4,0.137931,14.66
63,33,1,0.034483,4.41
63,34,18,0.620690,62.45
63,35,7,0.241379,24.90
63,36,29,1.000000,100.00
63,37,7,0.241379,24.90
63,38,8,0.275862,28.31
63,39,12,0.413793,41.97
63,40,27,0.931034,93.17
63,41,22,0.758621,76.10
63,42,27,0.931034,93.17
63,43,13,0.448276,45.38
63,44,3,0.103448,11.24
63,45,17,0.586207,59.03
63,46,20,0.689655,69.28
63,47,17,0.586207,59.03
63,48,14,0.482759,48.79
63,49,0,0.000000,1.00
63,50,29,1.000000,100.00
63,51,12,0.413793,41.97
63,52,0,0.000000,1.00
63,53,6,0.206897,21.48
63,54,6,0.206897,21.48
63,55,26,0.896552,89.76
63,56,22,0.758621,76.10
63,57,18,0.620690,62.45
63,58,18,0.620690,62.45
63,59,18,0.620690,62.45
63,60,18,0.620690,62.45
63,61,8,0.275862,28.31
63,62,17,0.586207,59.03
63,63,20,0.689655,69.28
